playerid,sport,position,start_year,start_age,years_played
Karim Abdul-Jabbar,NFL,RB,1996,22,5
Khalid Abdullah,NFL,LB,1996,17,5
Rabih Abdullah,NFL,RB,1996,21,5
Rahim Abdullah,NFL,LB,1996,20,5
Joseph Addai,NFL,RB,2013,30,1
Xavier Adibi,NFL,LB,2008,24,5
Daniel Adongo,NFL,LB,2013,24,1
Kamar Aiken,NFL,WR,2011,22,3
Sam Aiken,NFL,WR,2011,31,3
Victor Aiyewa,NFL,LB,2013,26,1
Seyi Ajirotutu,NFL,WR,2010,23,4
Hakim Akbar,NFL,LB,2001,21,2
Arnold Ale,NFL,LB,1994,24,3
Ink Aleaga,NFL,LB,1994,21,3
Dan Alexander,NFL,RB,1994,16,3
Derrick Alexander,NFL,WR,1994,23,3
Elijah Alexander,NFL,LB,1994,24,3
Kevin Alexander,NFL,WR,1994,19,3
Patrise Alexander,NFL,LB,1994,22,3
Shaun Alexander,NFL,RB,1994,17,3
Charles Ali,NFL,RB,2007,23,2
Jon Alston,NFL,LB,2006,23,4
Richard Alston,NFL,WR,2006,26,4
Mike Alstott,NFL,RB,2006,33,4
Prince Amukamara,NFL,CB,2011,22,3
Emmanuel Arceneaux,NFL,WR,2011,24,1
Brandon Archer,NFL,LB,2011,28,1
Mike Archie,NFL,RB,2011,39,1
Justin Armour,NFL,WR,1999,26,4
Jessie Armstead,NFL,LB,1999,29,4
Anthony Armstrong,NFL,WR,1999,16,4
Antonio Armstrong,NFL,LB,1999,26,4
Derick Armstrong,NFL,WR,1999,20,4
Devin Aromashodu,NFL,WR,2007,23,6
Adrian Arrington,NFL,WR,2010,25,3
J.J. Arrington,NFL,RB,2010,27,3
LaVar Arrington,NFL,LB,2010,32,3
K.C. Asiodu,NFL,LB,2010,24,1
Joe Aska,NFL,RB,1995,23,3
David Ausberry,NFL,WR,2011,24,3
Miles Austin,NFL,WR,2011,27,3
Tavon Austin,NFL,WR,2011,20,3
Terrence Austin,NFL,WR,2011,23,3
Jason Avant,NFL,WR,2006,23,8
Brendon Ayanbadejo,NFL,LB,2003,27,10
Obafemi Ayanbadejo,NFL,RB,2003,28,10
Akeem Ayers,NFL,LB,2011,22,3
Kole Ayi,NFL,LB,2001,23,2
Akin Ayodele,NFL,LB,2002,23,9
Remi Ayodele,NFL,LB,2002,19,9
Aaron Bailey,NFL,WR,1994,23,5
Boss Bailey,NFL,LB,1994,15,5
Henry Bailey,NFL,WR,1994,21,5
Karsten Bailey,NFL,WR,1994,17,5
Thomas Bailey,NFL,WR,1994,23,5
Victor Bailey,NFL,WR,1994,24,5
Myron Baker,NFL,LB,1978,7,13
Shannon Baker,NFL,WR,1978,7,13
Brett Basanez,NFL,QB,2006,23,1
Hank Baskett,NFL,WR,2006,24,1
Michael Basnight,NFL,RB,2006,29,1
Robert Bass,NFL,LB,2006,36,1
Baron Batch,NFL,RB,2011,24,2
Charlie Batch,NFL,QB,2011,37,2
D'Wayne Bates,NFL,WR,2011,36,2
Daren Bates,NFL,LB,2011,21,2
Mario Bates,NFL,RB,2011,38,2
Phil Bates,NFL,WR,2011,22,2
Solomon Bates,NFL,LB,2011,29,2
Pat Batteaux,NFL,WR,2011,33,2
Danny Batten,NFL,LB,2011,24,2
Arnaz Battle,NFL,WR,2011,31,2
Jackie Battle,NFL,RB,2011,28,2
Brett Bech,NFL,WR,1997,26,3
John Beck,NFL,QB,1997,16,3
Marcus Benard,NFL,LB,2009,24,5
Carey Bender,NFL,RB,2009,37,5
Wes Bender,NFL,RB,2009,39,5
Tim Benford,NFL,WR,2009,20,5
Ryan Benjamin,NFL,RB,2009,39,5
Travis Benjamin,NFL,WR,2009,20,5
Arrelious Benn,NFL,WR,2009,21,5
Brandon Bennett,NFL,RB,2009,36,5
Charles Bennett,NFL,LB,2009,26,5
Donnell Bennett,NFL,RB,2009,37,5
Drew Bennett,NFL,WR,2009,31,5
Earl Bennett,NFL,WR,2009,22,5
Michael Bennett,NFL,RB,2009,31,5
Sean Bennett,NFL,RB,2009,34,5
Cedric Benson,NFL,RB,2009,27,5
Bill Bentley,NFL,CB,2009,20,5
Kevin Bentley,NFL,LB,2009,30,5
Justin Bethel,NFL,CB,2006,16,8
McLeod Bethel-Thompson,NFL,QB,2006,18,8
Jerome Bettis,NFL,RB,2006,34,8
Ladell Betts,NFL,RB,2006,27,8
Tim Biakabutuka,NFL,RB,1996,22,6
Erik Bickerstaff,NFL,RB,2003,23,1
Taye Biddle,NFL,WR,2006,23,1
Armon Binns,NFL,WR,2011,22,2
Bront Bird,NFL,LB,2011,22,3
Avion Black,NFL,WR,2011,34,3
Conroy Black,NFL,CB,2011,23,3
Nathan Black,NFL,WR,2011,33,3
Quincy Black,NFL,LB,2011,27,3
Chase Blackburn,NFL,LB,2011,28,3
Justin Blackmon,NFL,WR,2011,21,3
Darryl Blackstock,NFL,LB,2011,28,3
Will Blackwell,NFL,WR,2011,36,3
H.B. Blades,NFL,LB,2011,27,3
Michael Blair,NFL,RB,2011,37,3
Antwon Blake,NFL,CB,2011,21,3
Jeff Blake,NFL,QB,2011,41,3
Matt Blanchard,NFL,QB,2011,22,3
Tony Bland,NFL,WR,2011,39,3
Robert Blanton,NFL,CB,2011,22,3
Derrick Blaylock,NFL,RB,2011,32,3
Eric Blount,NFL,WR,1997,27,3
Shaun Bodiford,NFL,WR,2003,21,9
Dontavia Bogan,NFL,WR,2011,23,1
Rocky Boiman,NFL,LB,2002,22,8
Lorenzo Booker,NFL,RB,2005,21,1
Marty Booker,NFL,WR,2005,29,1
Tommie Boyd,NFL,WR,1981,10,9
Brant Boyer,NFL,LB,1981,10,9
Steve Breaston,NFL,WR,2007,24,6
Drew Brees,NFL,QB,2007,28,6
Dewell Brewer,NFL,RB,2007,37,6
Tony Bua,NFL,LB,2004,24,1
Marc Bulger,NFL,QB,2010,33,4
Courtland Bullard,NFL,LB,2010,32,4
Kendricke Bullard,NFL,WR,2010,38,4
Keith Bulluck,NFL,LB,2010,33,4
Hillary Butler,NFL,LB,1986,15,11
Butler By'not'e,NFL,RB,1994,22,2
Kenny Bynum,NFL,RB,1984,10,14
Greg Camarillo,NFL,WR,2006,24,7
Jason Campbell,NFL,QB,2006,25,7
Kelly Campbell,NFL,WR,2006,26,7
Khary Campbell,NFL,LB,2006,27,7
Michael Campbell,NFL,WR,2006,17,7
Alan Campos,NFL,LB,2006,33,7
Jehuu Caulcrick,NFL,RB,2010,27,1
Marq Cerqua,NFL,LB,2000,23,3
Robert Chancey,NFL,RB,1983,11,10
Mike Cherry,NFL,QB,2012,39,2
Darrin Chiaverini,NFL,WR,1999,22,4
Bam Childress,NFL,WR,1999,17,4
O.J. Childress,NFL,LB,1999,23,4
Ron Childs,NFL,LB,1999,28,4
Brandon Chillar,NFL,LB,1999,17,4
Patrick Chukwurah,NFL,LB,2001,22,7
Vinny Ciurciu,NFL,LB,2003,23,8
Kellen Clemens,NFL,QB,2013,30,1
Chuck Clements,NFL,QB,2013,40,1
Charlie Clemons,NFL,LB,2013,41,1
Chris Clemons,NFL,LB,2013,32,1
Toney Clemons,NFL,WR,2013,25,1
Mike Cloud,NFL,RB,2009,34,3
David Clowney,NFL,WR,2009,24,3
Jon Condo,NFL,LB,1997,16,8
Steve Conley,NFL,LB,1997,25,8
Albert Connell,NFL,WR,1997,23,8
Dan Connor,NFL,LB,1997,12,8
Curtis Conway,NFL,WR,1997,26,8
Andre Cooper,NFL,WR,1995,20,5
Rafael Cooper,NFL,RB,1995,20,5
Stephen Cooper,NFL,LB,1995,16,5
Jerricho Cotchery,NFL,WR,1995,13,8
Kenyon Cotton,NFL,RB,1995,21,8
Dana Cottrell,NFL,LB,1995,21,8
Tim Couch,NFL,QB,1999,22,5
Damien Covington,NFL,LB,1983,11,8
Ray Crittenden,NFL,WR,1989,19,1
Quinton Culberson,NFL,LB,2007,22,3
Derrick Cullors,NFL,RB,2007,35,3
Daunte Culpepper,NFL,QB,2007,30,3
Joe Cummings,NFL,LB,2010,36,4
B.J. Cunningham,NFL,WR,2002,13,12
Benny Cunningham,NFL,RB,2002,12,12
Jermaine Cunningham,NFL,LB,2002,14,12
Sederrik Cunningham,NFL,WR,2002,13,12
Brian Cushing,NFL,LB,2009,22,5
Randy Cuthbert,NFL,RB,1993,23,2
Weston Dacus,NFL,LB,2003,18,1
Anthony Daigle,NFL,RB,1994,24,1
Casey Dailey,NFL,LB,1994,19,1
Kirby Dar Dar,NFL,WR,1995,23,4
James Darling,NFL,LB,1995,21,4
Billy Davis,NFL,WR,1992,20,3
Don Davis,NFL,LB,1992,20,3
Stephen Davis,NFL,RB,1992,18,3
Terrell Davis,NFL,RB,1992,20,3
Thabiti Davis,NFL,WR,1992,17,3
Troy Davis,NFL,RB,1992,17,3
Tyree Davis,NFL,WR,1992,22,3
Zola Davis,NFL,WR,1992,17,3
Jerone Davison,NFL,RB,1992,22,3
Sean Dawkins,NFL,WR,1996,25,16
Clifton Dawson,NFL,RB,1996,13,16
JaJuan Dawson,NFL,WR,1996,19,16
Lake Dawson,NFL,WR,1996,24,16
Skye Dawson,NFL,WR,1996,6,16
Larry Dean,NFL,LB,2010,22,4
Allen J. DeGraffenreid,NFL,WR,2010,40,3
Dan DePalma,NFL,WR,2011,22,3
Lee DeRamus,NFL,WR,1995,23,2
James Develin,NFL,RB,2009,21,4
Pat Devlin,NFL,QB,2009,21,4
Todd Devoe,NFL,WR,2009,29,4
Dahrran Diedrick,NFL,RB,2004,25,1
Na'il Diggs,NFL,LB,2000,22,12
John DiGiorgio,NFL,LB,2000,18,12
Zach Diles,NFL,LB,2007,22,7
Trent Dilfer,NFL,QB,2007,35,7
Jarett Dillard,NFL,WR,2007,22,7
Phillip Dillard,NFL,LB,2007,21,7
Corey Dillon,NFL,RB,2007,33,7
Jayson DiManche,NFL,LB,2013,23,1
Nate Dingle,NFL,LB,1999,28,5
Jordon Dizon,NFL,LB,2008,22,2
Tandon Doss,NFL,WR,2003,14,6
Todd Doxzon,NFL,WR,1998,23,1
Chris Draft,NFL,LB,1998,22,12
Shaun Draughn,NFL,RB,1998,11,12
Reuben Droughns,NFL,RB,1992,14,10
Jim Druckenmiller,NFL,QB,1997,25,2
Eddie Drummond,NFL,WR,1997,17,2
T.J. Duckett,NFL,RB,2010,29,4
Troy Dumas,NFL,LB,1991,19,10
Justin Durant,NFL,LB,2010,25,2
Kris Durham,NFL,WR,2010,22,2
Tim Dwight,NFL,WR,1998,23,10
Zac Dysert,NFL,QB,2013,23,1
Kevin Dyson,NFL,WR,2013,38,1
Matt Dyson,NFL,LB,2013,41,1
Nate Eachus,NFL,RB,2012,22,1
Biren Ealy,NFL,WR,2007,23,3
Adimchinobe Echemandu,NFL,RB,2004,24,4
Dominique Edison,NFL,WR,2000,14,6
Donnie Edwards,NFL,LB,1990,17,3
Robert Edwards,NFL,RB,1990,16,3
Isaiah Ekejiuba,NFL,LB,2005,24,7
Shane Elam,NFL,LB,2006,29,7
Jamin Elliott,NFL,WR,1983,4,16
'Omar Ellison,NFL,WR,1983,12,16
Jerry Ellison,NFL,RB,1983,12,16
Bert Emanuel,NFL,WR,2005,35,1
Carlos Emmons,NFL,LB,1996,23,11
Justin Ena,NFL,LB,2002,25,4
Jamar Enzor,NFL,LB,2005,24,1
Darius Eubanks,NFL,LB,2013,22,1
Liam Ezekiel,NFL,LB,2005,23,1
Mario Fannin,NFL,RB,2011,24,3
Randy Fasani,NFL,QB,2002,24,1
Ciatrick Fason,NFL,RB,2002,20,1
Jermaine Fazande,NFL,RB,1999,24,2
John Fiala,NFL,LB,1998,25,5
Alfred Fincher,NFL,LB,1992,9,11
Brian Finneran,NFL,WR,1992,16,11
Joe Flacco,NFL,QB,2008,23,6
P.J. Fleck,NFL,WR,2004,24,1
Cory Fleming,NFL,WR,2004,33,1
Troy Fleming,NFL,RB,2004,24,1
London Fletcher,NFL,LB,2004,29,1
Terrell Fletcher,NFL,RB,2004,31,1
DeShawn Fogle,NFL,LB,1992,17,3
Moise Fokou,NFL,LB,2009,24,5
Glenn Foley,NFL,QB,1997,27,8
Steve Foley,NFL,LB,1997,22,8
J.D. Folsom,NFL,LB,1997,13,8
James Folston,NFL,LB,1997,26,8
Carl Ford,NFL,WR,2011,31,3
Jacob Ford,NFL,LB,2011,28,3
Jacoby Ford,NFL,WR,2011,24,3
Michael Ford,NFL,RB,2011,21,3
Jay Foreman,NFL,LB,2011,35,3
Justin Forsett,NFL,RB,2011,26,3
Brock Forsey,NFL,RB,2011,31,3
L.J. Fort,NFL,LB,2011,21,3
Matt Forte,NFL,RB,2011,26,3
Arian Foster,NFL,RB,2005,19,6
DeShaun Foster,NFL,RB,2005,25,6
Larry Foster,NFL,WR,2005,29,6
Mason Foster,NFL,LB,2005,16,6
Chris Francies,NFL,WR,2013,31,1
Carlos Francis,NFL,WR,2013,32,1
Robert Francois,NFL,LB,2013,28,1
Jerry Franklin,NFL,LB,2013,25,1
Johnathan Franklin,NFL,RB,2013,24,1
Keith Franklin,NFL,LB,2013,43,1
P.J. Franklin,NFL,WR,2013,36,1
Stephen Franklin,NFL,LB,2013,25,1
Will Franklin,NFL,WR,2013,28,1
Andre Frazier,NFL,LB,2013,31,1
Chris Fuamatu-Ma'afala,NFL,RB,2011,34,3
Scott Fujita,NFL,LB,2002,23,11
Jeff Garcia,NFL,QB,1987,17,2
Dave Garnett,NFL,LB,1987,17,2
Percell Gaskins,NFL,LB,1992,20,12
Michael Gasperson,NFL,WR,1992,10,12
Ben Gay,NFL,RB,2001,21,1
Trevor Gaylor,NFL,WR,2001,24,1
Joe Germaine,NFL,QB,1993,18,5
Jammi German,NFL,WR,1993,19,5
Reggie Germany,NFL,WR,1993,15,5
Sam Giguere,NFL,WR,2009,24,1
Tony Gilbert,NFL,LB,2008,29,6
Jason Gildon,NFL,LB,2008,36,6
Dondre Gilliam,NFL,WR,2008,31,6
Mike Gillislee,NFL,RB,2008,18,6
Bryan Gilmore,NFL,WR,2008,30,6
Stephon Gilmore,NFL,CB,2008,19,6
David Gilreath,NFL,WR,2008,20,6
Mardy Gilyard,NFL,WR,2008,22,6
Dan Giordano,NFL,LB,2013,24,1
Chris Givens,NFL,WR,2012,23,2
Chris Givens,NFL,WR,2012,23,2
David Givens,NFL,WR,2012,32,2
Reggie Givens,NFL,LB,2012,41,2
Chris Gizzi,NFL,LB,2000,25,2
Cody Glenn,NFL,LB,2000,14,7
Jason Glenn,NFL,LB,2000,21,7
Terry Glenn,NFL,WR,2000,26,7
Ian Gold,NFL,LB,2000,22,8
Brittan Golden,NFL,WR,2000,12,8
Jack Golden,NFL,LB,2000,23,8
Jeff Gooch,NFL,LB,1996,22,9
Brett Goode,NFL,LB,1996,12,9
Tavares Gooden,NFL,LB,1996,12,9
Herbert Goodman,NFL,RB,1996,19,9
Mike Goolsby,NFL,LB,1996,14,9
Elvis Grbac,NFL,QB,1994,24,8
Marrio Grier,NFL,RB,2001,30,1
Brian Griese,NFL,QB,2001,26,1
Damon Griffin,NFL,WR,2001,25,1
Kris Griffin,NFL,LB,2001,20,1
Quentin Griffin,NFL,RB,2001,20,1
Boomer Grigsby,NFL,LB,2001,20,1
Clif Groce,NFL,RB,1995,23,6
Matt Grootegoed,NFL,LB,1995,13,6
Rex Grossman,NFL,QB,1995,15,6
Derek Hagan,NFL,WR,2006,22,7
Marques Hagans,NFL,WR,2006,24,7
Mario Haggan,NFL,LB,2006,26,7
Clark Haggans,NFL,LB,2006,29,7
Johnathan Haggerty,NFL,WR,2006,18,7
Tyjuan Hagler,NFL,LB,2006,25,7
Az-Zahir Hakim,NFL,WR,1998,21,9
Ahmard Hall,NFL,RB,1996,17,4
Andy Hall,NFL,QB,1996,16,4
Dante Hall,NFL,WR,1996,18,4
Lemanski Hall,NFL,LB,1996,26,4
Tim Hall,NFL,RB,1996,22,4
Ty Hallock,NFL,RB,1996,25,4
Darren Hambrick,NFL,LB,2000,25,2
Troy Hambrick,NFL,RB,2000,24,2
Gibran Hamdan,NFL,QB,2000,19,2
Derrick Hamilton,NFL,WR,2000,19,2
James Hamilton,NFL,LB,2000,26,2
Joe Hamilton,NFL,QB,2000,23,2
Justin Hamilton,NFL,RB,2000,18,2
Lawrence Hamilton,NFL,WR,2000,20,2
Malcolm Hamilton,NFL,LB,2000,28,2
Michael Hamilton,NFL,LB,2000,27,2
Rick Hamilton,NFL,LB,2000,30,2
Ruffin Hamilton,NFL,LB,2000,29,2
Montario Hardesty,NFL,RB,2006,19,8
James Hardy,NFL,WR,2006,21,8
Kevin Hardy,NFL,LB,2006,33,8
Chandler Harnish,NFL,QB,2006,18,8
Chris Harper,NFL,WR,2006,17,8
Jamie Harper,NFL,RB,2006,17,8
Justin Harper,NFL,WR,2006,21,8
Gary Harrell,NFL,WR,2006,34,8
Graham Harrell,NFL,QB,2006,21,8
Joey Harrington,NFL,QB,2006,28,8
Anthony Harris,NFL,LB,2006,33,8
Arlen Harris,NFL,RB,2006,26,8
Atnaf Harris,NFL,WR,2006,27,8
Bernardo Harris,NFL,LB,2006,35,8
Chris Harris,NFL,CB,2006,17,8
David Harris,NFL,LB,2006,22,8
Derrick Harris,NFL,RB,2006,34,8
DuJuan Harris,NFL,RB,2006,18,8
Dwayne Harris,NFL,WR,2006,19,8
Gilbert Harris,NFL,RB,2006,22,8
Jerrell Harris,NFL,LB,2006,17,8
Joey Harris,NFL,RB,2006,26,8
Kay-Jay Harris,NFL,RB,2006,27,8
Marcus Harris,NFL,WR,2006,17,8
Mark Harris,NFL,WR,2006,36,8
Marques Harris,NFL,LB,2006,25,8
Mike Harris,NFL,CB,2006,18,8
Napoleon Harris,NFL,LB,2006,27,8
Nate Harris,NFL,LB,2006,23,8
Nic Harris,NFL,LB,2006,20,8
Raymont Harris,NFL,RB,2006,36,8
Ronnie Harris,NFL,WR,2006,36,8
Rudy Harris,NFL,RB,2006,35,8
Sean Harris,NFL,LB,2006,34,8
Arnold Harrison,NFL,LB,2006,24,8
James Harrison,NFL,LB,2006,28,8
Jerome Harrison,NFL,RB,2006,23,8
Kevin Harrison,NFL,LB,2006,25,8
Mark Harrison,NFL,WR,2006,16,8
Marvin Harrison,NFL,WR,2006,34,8
Tyreo Harrison,NFL,LB,2006,26,8
Mike Hart,NFL,RB,2006,20,8
Brian Hartline,NFL,WR,2006,20,8
Mark Hartsell,NFL,QB,2006,33,8
Ed Hartwell,NFL,LB,2006,28,8
Frank Harvey,NFL,RB,2006,35,8
Mario Harvey,NFL,LB,2006,19,8
Percy Harvin,NFL,WR,2006,18,8
Matthew Hatchette,NFL,WR,2003,29,1
A.J. Hawk,NFL,LB,2006,22,8
Michael Hawkes,NFL,LB,2006,29,8
Andrew Hawkins,NFL,WR,2006,20,8
Chris Hawkins,NFL,CB,2006,20,8
Lavelle Hawkins,NFL,WR,2006,20,8
Steve Hawkins,NFL,WR,2006,35,8
David Hawthorne,NFL,LB,2006,21,8
Aaron Hayden,NFL,RB,2012,39,1
D.J. Hayden,NFL,CB,2012,22,1
Donald Hayes,NFL,WR,2012,37,1
Geno Hayes,NFL,LB,2012,25,1
Gerald Hayes,NFL,LB,2012,32,1
Mercury Hayes,NFL,WR,2012,39,1
Windrell Hayes,NFL,WR,2012,36,1
Herb Haygood,NFL,WR,2012,35,1
Alex Haynes,NFL,RB,2012,30,1
Verron Haynes,NFL,RB,2012,33,1
Adam Hayward,NFL,LB,2012,28,1
Paul Hazel,NFL,LB,2013,23,1
Vidal Hazelton,NFL,WR,2013,25,1
Vaughn Hebron,NFL,RB,1985,15,12
Junior Hemingway,NFL,WR,2012,24,2
Nate Hemsley,NFL,LB,2012,38,2
Darrius Heyward-Bey,NFL,WR,2007,20,5
Darrell Hill,NFL,WR,2001,22,2
Greg Hill,NFL,RB,2001,29,2
Jeff Hill,NFL,WR,2001,29,2
Kahlil Hill,NFL,WR,2001,22,2
LeRoy Hill,NFL,LB,2001,19,2
Madre Hill,NFL,RB,2001,25,2
Shaun Hill,NFL,QB,2001,21,2
Hunter Hillenmeyer,NFL,LB,2001,21,2
Ike Hilliard,NFL,WR,2001,25,2
Lex Hilliard,NFL,RB,2001,17,2
Chris Hogan,NFL,WR,2011,23,1
Doug Hogue,NFL,LB,2011,22,1
Kelly Holcomb,NFL,QB,2011,38,2
Robert Holcombe,NFL,RB,2011,36,2
Curtis Holden,NFL,LB,2011,32,2
Warrick Holdman,NFL,LB,2011,36,2
John Holecek,NFL,LB,2011,39,2
Carlyle Holiday,NFL,WR,2011,30,2
Joe Holland,NFL,LB,2011,23,2
Jonathan Holland,NFL,WR,2011,26,2
Jesse Holley,NFL,WR,2011,27,2
Corey Holliday,NFL,WR,2011,40,2
Marcus Holliday,NFL,RB,2011,38,2
Trindon Holliday,NFL,WR,2011,25,2
Tony Hollings,NFL,RB,2011,30,2
Lamont Hollinquest,NFL,LB,2011,41,2
T.J. Hollowell,NFL,LB,2011,30,2
Rob Holmberg,NFL,LB,2011,40,2
Andre Holmes,NFL,WR,2011,23,2
Darick Holmes,NFL,RB,2011,40,2
Earl Holmes,NFL,LB,2011,38,2
Mike Holmes,NFL,CB,2011,22,2
Priest Holmes,NFL,RB,2011,38,2
Santonio Holmes,NFL,WR,2011,27,2
Glenn Holt,NFL,WR,2011,27,2
James Holt,NFL,LB,2011,25,2
Torry Holt,NFL,WR,2011,35,2
Chris Horn,NFL,WR,1984,7,16
Joe Horn,NFL,WR,1984,12,16
Tony Horne,NFL,WR,1984,8,16
Brock Huard,NFL,QB,2000,24,4
Damon Huard,NFL,QB,2000,27,4
Ramon Humber,NFL,LB,2009,22,5
Deon Humphrey,NFL,LB,2009,33,5
James Hundon,NFL,WR,1996,25,4
Brice Hunter,NFL,WR,1996,22,4
Dameon Hunter,NFL,RB,1996,17,4
Earnest Hunter,NFL,RB,1996,26,4
Javin Hunter,NFL,WR,1996,16,4
Richard Huntley,NFL,RB,1996,24,4
Todd Husak,NFL,QB,2000,22,1
Randy Hymes,NFL,WR,2002,23,4
Dou Innocent,NFL,RB,1996,24,1
Trevor Insley,NFL,WR,2001,24,1
Darwin Ireland,NFL,LB,1994,23,2
Qadry Ismail,NFL,WR,1993,23,10
John Ivlow,NFL,RB,1993,23,1
Mortty Ivy,NFL,LB,2001,15,9
Brian Iwuh,NFL,LB,2006,22,6
Larry Izzo,NFL,LB,1996,22,14
Brad Jackson,NFL,LB,1994,19,1
Chris Jackson,NFL,WR,1994,19,1
Curtis Jackson,NFL,WR,1994,21,1
Jack Jackson,NFL,WR,1994,22,1
James Jackson,NFL,RB,1994,18,1
Willie Jackson,NFL,WR,1994,23,1
Ray Jacobs,NFL,LB,1994,22,1
Nate Jacquet,NFL,WR,1994,19,1
Lestar Jean,NFL,WR,2011,23,3
Rashad Jeanty,NFL,LB,2011,28,3
Patrick Jeffers,NFL,WR,1983,10,15
Kevin Jefferson,NFL,LB,1983,9,15
Brandon Joiner,NFL,LB,2013,24,1
Akeem Jordan,NFL,LB,2007,22,7
Antony Jordan,NFL,LB,2007,33,7
James Jordan,NFL,WR,2007,29,7
Kevin Jordan,NFL,WR,2007,35,7
LaMont Jordan,NFL,RB,2007,29,7
Randy Jordan,NFL,RB,2007,37,7
Richard Jordan,NFL,LB,2007,33,7
Alex Joseph,NFL,LB,2010,22,1
Elijah Joseph,NFL,LB,2010,22,1
Elvis Joseph,NFL,RB,2010,32,1
Keith Joseph,NFL,RB,2010,29,1
Steve Josue,NFL,LB,2010,30,1
Yonel Jourdain,NFL,RB,1994,23,2
Cato June,NFL,LB,2003,24,7
Joe Jurevicius,NFL,WR,1998,24,10
Kevin Jurovich,NFL,WR,1998,12,10
Josh Kaddu,NFL,LB,2012,22,2
Colin Kaepernick,NFL,QB,2004,17,9
Kevin Kasper,NFL,WR,2013,36,1
Brad Kassell,NFL,LB,2013,33,1
Napoleon Kaufman,NFL,RB,1982,9,12
Muadianvita Kazadi,NFL,LB,1997,24,1
Stanford Keglar,NFL,LB,2008,23,3
Bryan Kehl,NFL,LB,2008,24,6
Freddie Keiaho,NFL,LB,2006,24,4
Kenton Keith,NFL,RB,2006,26,4
Jeff Kelly,NFL,LB,2011,36,3
Jeff Kelly,NFL,QB,2011,32,3
Malcolm Kelly,NFL,WR,2011,25,3
Todd Kelly,NFL,LB,2011,41,3
Chad Kelsay,NFL,LB,2011,34,3
Eric Kettani,NFL,RB,2012,25,1
Kelvin Kight,NFL,WR,1999,17,3
Terry Kirby,NFL,RB,2000,30,1
David Kircus,NFL,WR,2000,20,1
Jon Kitna,NFL,QB,2012,40,2
Kurt Kittner,NFL,QB,2012,32,2
Jim Kitts,NFL,RB,2012,40,2
Perry Klein,NFL,QB,2003,32,6
Jeff Kopp,NFL,LB,2011,40,2
Niko Koutouvides,NFL,LB,2004,23,9
Clint Kriewaldt,NFL,LB,1980,4,19
Ryan LaCasse,NFL,LB,2006,23,1
Sean LaChapelle,NFL,WR,2006,36,1
Anthony Ladd,NFL,WR,1998,25,1
Eric Lane,NFL,RB,1987,13,11
Fred Lane,NFL,RB,1987,12,11
Amp Lee,NFL,RB,1992,21,9
Charles Lee,NFL,WR,1992,15,9
Kevin Lee,NFL,WR,1992,21,9
ReShard Lee,NFL,RB,1992,12,9
Burnie Legette,NFL,RB,1993,23,2
Teddy Lehman,NFL,LB,2003,22,6
Ashley Lelie,NFL,WR,2002,22,7
Phillip Livas,NFL,WR,2011,22,1
Brandon Lloyd,NFL,WR,2003,22,10
Greg Lloyd,NFL,LB,2003,14,10
Jake Locker,NFL,QB,2013,25,1
Kevin Lockett,NFL,WR,2013,39,1
Ricardo Lockette,NFL,WR,2013,24,1
Michael Lockley,NFL,LB,2013,25,1
Curtis Lofton,NFL,LB,2008,22,6
Shawn Loiseau,NFL,LB,2012,23,1
Antonio London,NFL,LB,1993,22,6
Michael Lowery,NFL,LB,1985,11,12
Chad Lucas,NFL,WR,2000,19,2
Ray Lucas,NFL,QB,2000,28,2
Eric Lynch,NFL,RB,1999,29,4
James Lynch,NFL,RB,1999,17,4
Matt Lytle,NFL,QB,2000,25,2
Reno Mahe,NFL,RB,2011,31,1
Kaluka Maiava,NFL,LB,2009,22,5
Marcus Mailei,NFL,RB,2009,23,5
Wesly Mallard,NFL,LB,1992,14,8
Ryan Manalac,NFL,LB,2009,24,1
Maurice Mann,NFL,WR,2009,27,1
Brian Manning,NFL,WR,2009,34,1
Eli Manning,NFL,QB,2009,28,1
Peyton Manning,NFL,QB,2009,33,1
Roy Manning,NFL,LB,2009,28,1
Mario Manningham,NFL,WR,2009,23,1
EJ Manuel,NFL,QB,2009,19,1
Owen Marecic,NFL,RB,2010,22,4
Marc Mariani,NFL,WR,2010,23,4
Laurence Maroney,NFL,RB,2010,25,4
Curtis Marsh,NFL,WR,2010,40,4
Brandon Marshall,NFL,WR,2010,26,4
Lemar Marshall,NFL,LB,2010,34,4
Marvin Marshall,NFL,WR,2010,38,4
Rasheed Marshall,NFL,WR,2010,29,4
Torrance Marshall,NFL,LB,2010,33,4
Whit Marshall,NFL,LB,2010,37,4
Charly Martin,NFL,WR,2010,26,4
Curtis Martin,NFL,RB,2010,37,4
Doug Martin,NFL,RB,2010,21,4
Eric Martin,NFL,LB,2010,19,4
Ingle Martin,NFL,QB,2010,28,4
Jamie Martin,NFL,QB,2010,40,4
Josh Martin,NFL,LB,2010,19,4
Keshawn Martin,NFL,WR,2010,20,4
Ruvell Martin,NFL,WR,2010,28,4
Tee Martin,NFL,QB,2010,32,4
Glenn Martinez,NFL,WR,2010,29,4
Mike Maslowski,NFL,LB,2012,38,2
Derrick Mason,NFL,WR,2012,38,2
Eddie Mason,NFL,LB,2012,40,2
Marcus Mason,NFL,RB,2012,28,2
Mohamed Massaquoi,NFL,WR,2012,26,2
Chris Massey,NFL,RB,2012,33,2
Le'Shai Maston,NFL,RB,2012,42,2
Rey Maualuga,NFL,LB,2009,22,5
Matt Mauck,NFL,QB,2009,30,5
Josh Mauga,NFL,LB,2009,22,5
Reagan Mauia,NFL,RB,2009,25,5
Keenan McCardell,NFL,WR,1987,17,2
Willis McGahee,NFL,RB,2004,23,10
Tim McGarigle,NFL,LB,2004,21,10
Wane McGarity,NFL,WR,2004,28,10
Brandon McGee,NFL,CB,2004,14,10
Eddie McGee,NFL,WR,2004,16,10
Stephen McGee,NFL,QB,2004,19,10
Phil McGeoghan,NFL,WR,2004,25,10
Karmeeleyah McGill,NFL,LB,2004,33,10
Matt McGloin,NFL,QB,2004,15,10
Travis McGriff,NFL,WR,2004,28,10
Dusty McGrorty,NFL,RB,2004,23,10
Kaipo McGuire,NFL,WR,2004,30,10
Donovan McNabb,NFL,QB,1992,16,4
Steve McNair,NFL,QB,1992,19,4
Cade McNown,NFL,QB,1992,15,4
Robert Meachem,NFL,WR,2008,24,6
Rondell Mealey,NFL,RB,2008,31,6
Loyce Means,NFL,CB,2008,19,6
Natrone Means,NFL,RB,2008,36,6
Marc Megna,NFL,LB,1989,13,10
Kerry Meier,NFL,WR,2011,25,2
David Mims,NFL,WR,1992,22,8
Anthony Mix,NFL,WR,2007,24,1
Arthur Moats,NFL,LB,2009,21,5
Ryan Moats,NFL,RB,2009,27,5
John Mobley,NFL,LB,1996,23,8
Mike Mohamed,NFL,LB,2011,23,3
Sean Moran,NFL,LB,1996,23,5
Johnnie Morant,NFL,WR,1996,15,5
Frank Moreau,NFL,RB,1996,20,5
Vernand Morency,NFL,RB,1996,16,5
Moses Moreno,NFL,QB,1996,21,5
Zeke Moreno,NFL,LB,1996,18,5
Sean Morey,NFL,WR,1996,20,5
Dan Morgan,NFL,LB,1996,18,5
Donovan Morgan,NFL,WR,1996,14,5
Quincy Morgan,NFL,WR,1996,19,5
Bam Morris,NFL,RB,1996,24,5
Maurice Morris,NFL,RB,1996,17,5
Rob Morris,NFL,LB,1996,21,5
Sammy Morris,NFL,RB,1996,19,5
Sylvester Morris,NFL,WR,1996,19,5
Kirk Morrison,NFL,LB,1996,14,5
Steve Morrison,NFL,LB,1996,25,5
Chad Morton,NFL,RB,1996,19,5
Johnnie Morton,NFL,WR,1996,25,5
Mike Morton,NFL,LB,1996,24,5
Eric Moulds,NFL,WR,1996,23,12
Jonas Mouton,NFL,LB,1996,8,12
Derek Moye,NFL,WR,2012,24,2
DeShone Myles,NFL,LB,1998,24,4
Legedu Naanee,NFL,WR,2007,24,6
Craig Nall,NFL,QB,2010,31,2
Dimitri Nance,NFL,RB,2010,22,1
Martin Nance,NFL,WR,2010,27,1
Terna Nande,NFL,LB,2010,27,1
John Navarre,NFL,QB,2009,29,1
Hannibal Navies,NFL,LB,2009,32,1
Ryan Nece,NFL,LB,2002,23,7
Cory Nelms,NFL,CB,2011,23,2
Ben Nelson,NFL,WR,2011,32,2
David Nelson,NFL,WR,2011,25,2
Jim Nelson,NFL,LB,2011,36,2
Jordy Nelson,NFL,WR,2011,26,2
Dat Nguyen,NFL,LB,1999,24,7
Chad Nkang,NFL,LB,2007,22,2
Keith Null,NFL,QB,2009,24,1
Uzoma Nwachukwu,NFL,WR,2013,23,1
Andre O'Neal,NFL,LB,2000,25,2
Keith O'Neil,NFL,LB,2000,20,2
Kevin O'Neill,NFL,LB,2000,25,2
Cyril Obiozor,NFL,LB,2009,23,2
Ben Obomanu,NFL,WR,2007,24,7
Steve Octavien,NFL,LB,2008,24,3
Derrick Oden,NFL,LB,1990,20,2
Joe Odom,NFL,LB,2004,25,7
Chris Ogbonnaya,NFL,RB,1998,12,8
Jeff Ogden,NFL,WR,1998,23,5
Kendall Ogle,NFL,LB,1999,24,1
Xavier Omon,NFL,RB,2008,23,4
Kenny Onatolu,NFL,LB,2009,27,4
Greg Orton,NFL,WR,2008,22,2
Kyle Orton,NFL,QB,2008,26,2
Kassim Osgood,NFL,WR,2003,23,11
Will Overstreet,NFL,LB,2011,32,3
Chris Owusu,NFL,WR,2012,22,2
Ken Oxendine,NFL,RB,1998,23,2
Joe Pawelek,NFL,LB,2010,24,1
Logan Payne,NFL,WR,2005,20,6
Spencer Paysinger,NFL,LB,2005,17,6
Jarrett Payton,NFL,RB,2005,25,6
Troy Pelshak,NFL,LB,1993,16,7
Jason Phillips,NFL,LB,1991,5,15
Lawrence Phillips,NFL,RB,1991,16,15
Ryan Phillips,NFL,LB,1991,17,15
Dino Philyaw,NFL,RB,1991,21,15
Mareno Philyaw,NFL,WR,1991,14,15
Kealoha Pilares,NFL,WR,2011,23,3
Lousaka Polite,NFL,RB,2003,22,11
Carlos Polk,NFL,LB,2003,26,11
Chris Polk,NFL,RB,2003,14,11
DaShon Polk,NFL,LB,2003,26,11
David Pollack,NFL,LB,2003,21,11
Royce Pollard,NFL,WR,2003,14,11
Tommy Polley,NFL,LB,2003,25,11
Christian Ponder,NFL,QB,2011,23,3
Willie Ponder,NFL,WR,2011,31,3
Antwaune Ponds,NFL,LB,2011,36,3
Keith Poole,NFL,WR,2005,31,7
Nate Poole,NFL,WR,2005,28,7
Tauren Poole,NFL,RB,2005,16,7
Jerry Porter,NFL,WR,1992,14,12
Joey Porter,NFL,LB,1992,15,12
Clinton Portis,NFL,RB,1992,11,12
Roosevelt Potts,NFL,RB,2000,29,10
Bilal Powell,NFL,RB,2011,23,3
Craig Powell,NFL,LB,2011,40,3
Ronnie Powell,NFL,WR,2011,37,3
William Powell,NFL,RB,2011,23,3
Ricky Powers,NFL,RB,2011,41,3
Jordan Poyer,NFL,CB,2013,22,1
Julius Pruitt,NFL,WR,2006,21,2
Terrelle Pryor,NFL,QB,1997,8,14
Maurice Purify,NFL,WR,2013,27,1
Brad Pyatt,NFL,WR,2003,23,2
Brian Quick,NFL,WR,2012,23,2
Brady Quinn,NFL,QB,2012,28,2
Jonathan Quinn,NFL,QB,2012,37,2
Mike Quinn,NFL,QB,2012,38,2
Latario Rachal,NFL,WR,2008,35,5
Ken-Yon Rambo,NFL,WR,2013,35,1
Patrick Ramsey,NFL,QB,2013,34,1
Curtis Randall,NFL,LB,2004,25,1
Antwaan Randle El,NFL,WR,2004,25,1
Louis Rankin,NFL,RB,2004,19,1
Saleem Rasheed,NFL,LB,1994,13,11
Ryan Rau,NFL,LB,2012,22,1
Spencer Reid,NFL,LB,1985,9,14
Sean Renfree,NFL,QB,2013,23,1
Vincent Rey,NFL,LB,2010,23,4
Darius Reynaud,NFL,WR,2010,25,4
Chase Reynolds,NFL,RB,2010,23,4
Joffrey Reynolds,NFL,RB,2010,31,4
Robert Reynolds,NFL,LB,2010,29,4
Ray Rice,NFL,RB,2001,14,5
Sidney Rice,NFL,WR,2001,15,5
Terry Richardson,NFL,RB,2001,30,5
Wally Richardson,NFL,QB,2001,27,5
James Ritchey,NFL,QB,1980,7,16
Nick Roach,NFL,LB,2009,24,1
Dedrick Roper,NFL,LB,2005,24,2
Dwayne Rudd,NFL,LB,1997,21,7
Barrett Ruud,NFL,LB,2005,22,8
Tony Sacca,NFL,QB,1992,22,1
P.K. Sam,NFL,WR,2004,21,1
Demarco Sampson,NFL,WR,2004,19,1
B.J. Sams,NFL,RB,2004,24,1
Khari Samuel,NFL,LB,2004,28,1
Mark Sanchez,NFL,QB,2009,23,5
Ace Sanders,NFL,WR,2009,18,5
Chris Sanders,NFL,WR,2009,37,5
Chris Sanders,NFL,WR,2009,36,5
Emmanuel Sanders,NFL,WR,2009,22,5
Frank Sanders,NFL,WR,2009,36,5
Steve Sanders,NFL,WR,2009,27,5
Mohamed Sanu,NFL,WR,2009,20,5
Sekou Sanyika,NFL,LB,2009,31,5
Dane Sanzenbacher,NFL,WR,2009,21,5
Cecil Sapp,NFL,RB,2003,25,3
Patrick Sapp,NFL,LB,2003,30,3
Ricky Sapp,NFL,LB,2003,17,3
Craig Sauer,NFL,LB,1996,24,5
Cory Sauter,NFL,QB,1996,22,5
Dantrell Savage,NFL,RB,2008,23,2
Rich Scanlon,NFL,LB,2011,31,3
Josh Scobey,NFL,RB,2004,25,10
Bart Scott,NFL,LB,2004,24,10
Bernard Scott,NFL,RB,2004,20,10
Da'Rel Scott,NFL,RB,2004,16,10
Darnay Scott,NFL,WR,2004,32,10
Freddie Scott,NFL,WR,2004,30,10
Gari Scott,NFL,WR,2004,26,10
Matt Scott,NFL,QB,2004,14,10
Jordan Senn,NFL,LB,2010,26,4
Coty Sensabaugh,NFL,CB,2010,22,4
Clint Session,NFL,LB,2007,23,5
Tray Session,NFL,WR,2007,20,5
Adam Seward,NFL,LB,2005,23,5
Simon Shanks,NFL,LB,2003,32,3
Scott Shanle,NFL,LB,2003,24,3
Larry Shannon,NFL,WR,2003,28,3
Jamie Sharper,NFL,LB,2003,29,3
Bobby Shaw,NFL,WR,2003,28,3
Eric Shaw,NFL,LB,2003,32,3
Harold Shaw,NFL,RB,2003,29,3
Sedrick Shaw,NFL,RB,2003,30,3
Tim Shaw,NFL,LB,2003,19,3
Kenny Shedd,NFL,WR,2000,29,6
Kory Sheets,NFL,RB,2000,15,6
Rashaan Shehee,NFL,RB,2000,25,6
Eric Shelton,NFL,RB,2000,17,6
Edell Shepherd,NFL,WR,2000,20,6
Paul Shields,NFL,RB,2003,27,11
Jordan Shipley,NFL,WR,2003,18,11
Marcel Shipp,NFL,RB,2003,25,11
Heath Shuler,NFL,QB,1994,23,1
Matt Sinclair,NFL,LB,1998,16,3
Alshermond Singleton,NFL,LB,1998,23,3
Peter Sirmon,NFL,LB,1990,13,12
Torrance Small,NFL,WR,1990,20,2
Vic So'oto,NFL,LB,2011,24,3
Olaniyi Sobomehin,NFL,RB,2003,19,1
Jake Soliday,NFL,WR,2011,33,3
Freddie Solomon,NFL,WR,2011,39,3
R. Jay Soward,NFL,WR,2000,22,1
Ryan Spadola,NFL,WR,2005,14,8
Chad Spann,NFL,RB,2005,17,8
Brandon Spikes,NFL,LB,1999,12,10
Irving Spikes,NFL,RB,1999,29,10
Takeo Spikes,NFL,LB,1999,23,10
C.J. Spiller,NFL,RB,1999,12,10
Austin Spitler,NFL,LB,1999,13,10
Micheal Spurlock,NFL,WR,2006,23,8
Brian Stablein,NFL,WR,1998,28,6
Duce Staley,NFL,RB,1998,23,6
Dennis Stallings,NFL,LB,1998,24,6
Donte Stallworth,NFL,WR,1998,18,6
Josh Stamer,NFL,LB,1998,21,6
Isaiah Stanback,NFL,WR,1998,14,6
John Standeford,NFL,WR,1998,16,6
Derek Stanley,NFL,WR,1998,13,6
Ronald Stanley,NFL,LB,1998,15,6
Ed Stansbury,NFL,RB,1998,19,6
Drew Stanton,NFL,QB,1998,14,6
Kendrick Starling,NFL,WR,1998,19,6
Bryan Still,NFL,WR,2006,32,1
Shyrone Stith,NFL,RB,2006,28,1
Nicky Sualua,NFL,RB,1997,22,2
Limas Sweed,NFL,WR,2013,29,1
Rod Sweeting,NFL,CB,2013,23,1
Austin Sylvester,NFL,RB,2007,19,1
Stevenson Sylvester,NFL,LB,2007,19,1
J.J. Syvrud,NFL,LB,1999,22,1
Will Ta'ufo'ou,NFL,RB,2012,26,2
Naufahu Tahi,NFL,RB,2007,26,4
Vai Taua,NFL,RB,2011,23,1
Ben Taylor,NFL,LB,1995,17,5
Chester Taylor,NFL,RB,1995,16,5
Fred Taylor,NFL,RB,1995,19,5
Jamaar Taylor,NFL,WR,1995,14,5
Ryan Taylor,NFL,LB,1995,19,5
Shannon Taylor,NFL,LB,1995,20,5
Tony Taylor,NFL,RB,1995,17,5
Travis Taylor,NFL,WR,1995,17,5
David Terrell,NFL,WR,2004,25,1
Corey Terry,NFL,LB,2004,28,1
Ryan Terry,NFL,RB,2004,33,1
Tim Terry,NFL,LB,2004,30,1
James Thrash,NFL,WR,1997,22,12
Byron Thweatt,NFL,LB,2001,24,1
LaBrandon Toefield,NFL,RB,2007,27,6
Pago Togafau,NFL,LB,2007,23,3
Ryan Torain,NFL,RB,2008,22,5
Reggie Torbor,NFL,LB,2008,27,5
Gino Torretta,NFL,QB,2008,38,5
Steve Tovar,NFL,LB,1993,23,8
Jason Tucker,NFL,WR,2005,29,9
Jyles Tucker,NFL,LB,2005,22,9
Matthew Tucker,NFL,RB,2005,14,9
Verran Tucker,NFL,WR,2005,17,9
Jeff Tuel,NFL,QB,2013,22,1
Sean Tufts,NFL,LB,2004,22,2
Tom Tumulty,NFL,LB,1999,26,10
Stacy Tutt,NFL,RB,1995,13,8
Gunnard Twyner,NFL,WR,1997,24,1
Brian Tyms,NFL,WR,2012,23,2
David Tyree,NFL,WR,2003,23,7
Jeff Ulbrich,NFL,LB,2000,23,10
Artie Ulmer,NFL,LB,1999,26,7
Mason Unck,NFL,LB,2003,23,4
Tiquan Underwood,NFL,WR,2009,22,2
Harvey Unga,NFL,RB,2012,24,2
Eric Unverzagt,NFL,LB,1996,24,2
Brian Urlacher,NFL,LB,2000,22,13
Iheanyi Uwaezuoke,NFL,WR,1996,23,5
Scottie Vines,NFL,WR,1996,17,18
Tony Vinson,NFL,RB,1996,25,18
David Vobora,NFL,LB,2008,22,4
Billy Volek,NFL,QB,2001,25,11
Scott Von der Ahe,NFL,LB,1997,22,1
Mike Vrabel,NFL,LB,1997,22,14
Jude Waddy,NFL,LB,2004,29,5
Bobby Wade,NFL,WR,2004,23,5
Trevin Wade,NFL,CB,2004,15,5
Drew Wahlroos,NFL,LB,1998,18,11
Cameron Wake,NFL,LB,2009,27,5
Charles Way,NFL,RB,1995,23,5
Nate Wayne,NFL,LB,1995,20,5
Reggie Wayne,NFL,WR,1995,17,5
Chris Weinke,NFL,QB,1990,18,6
Dean Wells,NFL,LB,1992,22,1
Tyrone Wheatley,NFL,RB,1989,17,3
Craig Whelihan,NFL,QB,1989,18,3
Clayton White,NFL,LB,1994,17,9
David White,NFL,LB,1994,24,9
Dez White,NFL,WR,1994,15,9
Jamel White,NFL,RB,1994,16,9
LenDale White,NFL,RB,1994,10,9
Reggie White,NFL,RB,1994,15,9
Roddy White,NFL,WR,1994,13,9
Russell White,NFL,RB,1994,24,9
Tracy White,NFL,LB,1994,13,9
Charlie Whitehurst,NFL,QB,1994,12,9
Keyon Whiteside,NFL,LB,1994,14,9
Alvis Whitted,NFL,WR,1994,20,9
Ricky Whittle,NFL,RB,1994,23,9
Michael Wiley,NFL,RB,2012,34,2
Ernest Wilford,NFL,WR,2012,33,2
Matt Wilhelm,NFL,LB,2012,31,2
Michael Wilhoite,NFL,LB,2012,26,2
Marcus Wilkins,NFL,LB,2012,32,2
Terrence Wilkins,NFL,WR,2012,37,2
Gerris Wilkinson,NFL,LB,2012,29,2
Jerrott Willard,NFL,LB,2012,40,2
Jonathan Willard,NFL,LB,2012,22,2
Allen Williams,NFL,RB,2012,40,2
Billy Williams,NFL,WR,2012,41,2
Brandon Williams,NFL,WR,2012,28,2
Brian M. Williams,NFL,LB,2012,40,2
Cadillac Williams,NFL,RB,2012,30,2
Chavis Williams,NFL,LB,2012,23,2
Clarence Williams,NFL,RB,2012,35,2
D.J. Williams,NFL,LB,2012,30,2
Damian Williams,NFL,WR,2012,24,2
DeAngelo Williams,NFL,RB,2012,29,2
Demetrius Williams,NFL,WR,2012,29,2
Demorrio Williams,NFL,LB,2012,32,2
Derrick Williams,NFL,WR,2012,26,2
Domanick Williams,NFL,RB,2012,32,2
Eddie Williams,NFL,RB,2012,25,2
Isaiah Williams,NFL,WR,2012,25,2
Jamar Williams,NFL,LB,2012,28,2
James Williams,NFL,WR,2012,34,2
Jason Williams,NFL,LB,2012,26,2
Javarris Williams,NFL,RB,2012,26,2
Jermaine Williams,NFL,RB,2012,40,2
Julius Williams,NFL,LB,2012,26,2
K.D. Williams,NFL,LB,2012,39,2
Karl Williams,NFL,WR,2012,41,2
Keiland Williams,NFL,RB,2012,26,2
Kerwynn Williams,NFL,RB,2012,21,2
Kevin Williams,NFL,WR,2012,41,2
Kevin D. Williams,NFL,RB,2012,42,2
Kyle Williams,NFL,WR,2012,24,2
LaQuan Williams,NFL,WR,2012,24,2
Leon Williams,NFL,LB,2012,29,2
Mark Williams,NFL,LB,2012,41,2
Mike Williams,NFL,WR,2012,28,2
Mike Williams,NFL,WR,2012,25,2
Moe Williams,NFL,RB,2012,38,2
Patrick Williams,NFL,WR,2012,26,2
Paul Williams,NFL,WR,2012,29,2
Pooh Bear Williams,NFL,RB,2012,37,2
Randal Williams,NFL,WR,2012,34,2
Reggie Williams,NFL,WR,2012,29,2
Renaud Williams,NFL,LB,2012,31,2
Ricky Williams,NFL,RB,2012,35,2
Ricky Williams,NFL,RB,2012,34,2
Rodney Williams,NFL,WR,2012,39,2
Roy E. Williams,NFL,WR,2012,31,2
Roydell Williams,NFL,WR,2012,31,2
Ryan Williams,NFL,RB,2012,22,2
Shaud Williams,NFL,RB,2012,32,2
Sherman Williams,NFL,RB,2012,39,2
Stepfret Williams,NFL,WR,2012,39,2
Stephen Williams,NFL,WR,2012,26,2
Steve Williams,NFL,CB,2012,21,2
Teddy Williams,NFL,WR,2012,24,2
Terrance Williams,NFL,WR,2012,23,2
Thomas Williams,NFL,LB,2012,28,2
Travis Williams,NFL,LB,2012,29,2
Tyrone R. Williams,NFL,WR,2012,42,2
Walter Williams,NFL,RB,2012,35,2
Harry Williams Jr.,NFL,WR,2012,30,2
Troy Williamson,NFL,WR,2012,29,2
Mike Willie,NFL,WR,2012,22,2
Jamal Willis,NFL,RB,2012,40,2
James Willis,NFL,LB,2012,40,2
Jason Willis,NFL,WR,2012,32,2
Matt Willis,NFL,WR,2012,28,2
Patrick Willis,NFL,LB,2012,27,2
Drew Willy,NFL,QB,2012,26,2
Trevor Wilmot,NFL,LB,2012,40,2
Al Wilson,NFL,LB,2012,35,2
Antonio Wilson,NFL,LB,2012,35,2
C.J. Wilson,NFL,CB,2012,23,2
Cedrick Wilson,NFL,WR,2012,34,2
David Wilson,NFL,RB,2012,21,2
John Parker Wilson,NFL,QB,2012,27,2
Kion Wilson,NFL,LB,2012,26,2
Lawrence Wilson,NFL,LB,2012,25,2
Marquess Wilson,NFL,WR,2012,20,2
Quincy Wilson,NFL,RB,2012,31,2
Reinard Wilson,NFL,LB,2012,39,2
Robert Wilson,NFL,WR,2012,38,2
Russell Wilson,NFL,QB,2012,24,2
Sheddrick Wilson,NFL,WR,2012,39,2
Travis Wilson,NFL,WR,2012,28,2
Tyler Wilson,NFL,QB,2012,23,2
James Wofford,NFL,RB,2002,24,1
Blidi Wreh-Wilson,NFL,CB,2013,24,1
Anthony Wright,NFL,QB,2003,27,6
Dwayne Wright,NFL,RB,2003,20,6
Fearon Wright,NFL,LB,2003,25,6
Jarius Wright,NFL,WR,2003,14,6
Jason Wright,NFL,RB,2003,21,6
K.J. Wright,NFL,LB,2003,14,6
Kendall Wright,NFL,WR,2003,14,6
Kenyatta Wright,NFL,LB,2003,25,6
Wallace Wright,NFL,WR,2003,19,6
Danny Wuerffel,NFL,QB,1997,23,6
DeShawn Wynn,NFL,RB,2007,24,4
Milton Wynn,NFL,WR,2007,29,4
Spergon Wynn,NFL,QB,2007,29,4
Bashir Yamini,NFL,WR,2000,23,1
Max Yates,NFL,LB,2003,24,8
T.J. Yates,NFL,QB,2003,16,8
Phil Yeboah-Kodie,NFL,LB,1996,25,1
Albert Young,NFL,RB,2006,21,6
Darrel Young,NFL,LB,2006,19,6
Michael Young,NFL,LB,2006,28,6
Selvin Young,NFL,RB,2006,23,6
Titus Young,NFL,WR,2006,17,6
Vince Young,NFL,QB,2006,23,6
Walter Young,NFL,WR,2006,27,6
Kevin Youngblood,NFL,WR,2006,26,6
Eric Zeier,NFL,QB,1995,23,6
