playerID,sport,position,retire_year,retire_age,years_played
achteaj01,mlb,G_p,2016,28,3.0
achteaj01,mlb,G_p,2016,28,3.0
achteaj01,mlb,G_p,2016,28,3.0
adamsla01,mlb,G_of,2018,29,5.0
adamsla01,mlb,G_of,2018,29,5.0
adamsla01,mlb,G_of,2018,29,5.0
adlemti01,mlb,G_p,2017,30,2.0
adlemti01,mlb,G_p,2017,30,2.0
alcanar01,mlb,G_of,2017,26,4.0
alcanar01,mlb,G_if,2017,26,4.0
alcanar01,mlb,G_of,2017,26,4.0
alcanar01,mlb,G_if,2017,26,4.0
alcanra01,mlb,G_p,2017,25,2.0
alcanra01,mlb,G_p,2017,25,2.0
almonmi01,mlb,G_p,2018,25,4.0
almonmi01,mlb,G_p,2018,25,4.0
almonmi01,mlb,G_p,2018,25,4.0
alvarda01,mlb,G_p,2017,28,3.0
alvarda01,mlb,G_p,2017,28,3.0
alvarda01,mlb,G_p,2017,28,3.0
alvarda01,mlb,G_p,2017,28,3.0
alvarda01,mlb,G_p,2017,28,3.0
alvarda02,mlb,G_of,2016,28,1.0
alvarda02,mlb,G_of,2016,28,1.0
alvarrj01,mlb,G_p,2015,24,2.0
alvarrj01,mlb,G_p,2015,24,2.0
annade01,mlb,G_if,2015,29,2.0
annade01,mlb,G_p,2015,29,2.0
antoldu01,mlb,G_p,2016,27,0.0
aquinja01,mlb,G_p,2017,25,2.0
aquinja01,mlb,G_p,2017,25,2.0
araujel01,mlb,G_p,2016,25,2.0
araujel01,mlb,G_p,2016,25,2.0
arciafr01,mlb,G_c,2018,29,1.0
arojo01,mlb,G_p,2016,26,1.0
arojo01,mlb,G_p,2016,26,1.0
arrueer01,mlb,G_if,2014,24,1.0
asheral01,mlb,G_p,2018,27,3.0
asheral01,mlb,G_p,2018,27,3.0
asheral01,mlb,G_p,2018,27,3.0
asheral01,mlb,G_p,2018,27,3.0
ashlene01,mlb,G_c,2015,31,1.0
astinba01,mlb,G_p,2017,26,1.0
asuajca01,mlb,G_if,2018,27,2.0
asuajca01,mlb,G_if,2018,27,2.0
asuajca01,mlb,G_if,2018,27,2.0
bandyje01,mlb,G_c,2018,28,3.0
bandyje01,mlb,G_c,2018,28,3.0
bandyje01,mlb,G_c,2018,28,3.0
bandyje01,mlb,G_c,2018,28,3.0
barbajo01,mlb,G_p,2018,26,3.0
barbajo01,mlb,G_p,2018,26,3.0
barbajo01,mlb,G_p,2018,26,3.0
barneda02,mlb,G_p,2018,29,3.0
barneda02,mlb,G_p,2018,29,3.0
barneda02,mlb,G_p,2018,29,3.0
barriyh01,mlb,G_p,2015,24,1.0
baumabu01,mlb,G_p,2018,31,2.0
baumabu01,mlb,G_p,2018,31,2.0
baumabu01,mlb,G_p,2018,31,2.0
baumabu01,mlb,G_p,2018,31,2.0
bautira01,mlb,G_of,2018,25,2.0
bautira01,mlb,G_of,2018,25,2.0
beckch02,mlb,G_p,2018,28,4.0
beckch02,mlb,G_p,2018,28,4.0
beckch02,mlb,G_p,2018,28,4.0
beckch02,mlb,G_p,2018,28,4.0
beckch02,mlb,G_p,2018,28,4.0
beeleda01,mlb,G_p,2015,26,2.0
beeleda01,mlb,G_p,2015,26,2.0
bellaan01,mlb,G_p,2015,24,1.0
bellch02,mlb,G_p,2018,29,1.0
bellch02,mlb,G_p,2018,29,1.0
belnovi01,mlb,G_p,2014,26,1.0
beresja01,mlb,G_if,2016,27,1.0
bergmch01,mlb,G_p,2018,30,5.0
bergmch01,mlb,G_p,2018,30,5.0
bergmch01,mlb,G_p,2018,30,5.0
bergmch01,mlb,G_p,2018,30,5.0
bergmch01,mlb,G_p,2018,30,5.0
bibenau01,mlb,G_p,2018,33,2.0
bibenau01,mlb,G_p,2018,33,2.0
blairaa01,mlb,G_p,2017,25,2.0
blairaa01,mlb,G_p,2017,25,2.0
blairca01,mlb,G_c,2015,26,1.0
blashja01,mlb,G_of,2018,29,3.0
blashja01,mlb,G_of,2018,29,3.0
blashja01,mlb,G_of,2018,29,3.0
bleicje01,mlb,G_p,2018,31,1.0
bochybr02,mlb,G_p,2015,28,2.0
bochybr02,mlb,G_p,2015,28,2.0
bolsimi01,mlb,G_p,2017,29,4.0
bolsimi01,mlb,G_p,2017,29,4.0
bolsimi01,mlb,G_p,2017,29,4.0
bolsimi01,mlb,G_p,2017,29,4.0
bonilli01,mlb,G_p,2017,27,3.0
bonilli01,mlb,G_p,2017,27,3.0
bormajo01,mlb,G_p,2017,24,0.0
boscawi01,mlb,G_p,2016,27,1.0
bostich01,mlb,G_of,2018,25,2.0
bostich01,mlb,G_if,2018,25,2.0
bostich01,mlb,G_of,2018,25,2.0
bradlje01,mlb,G_p,2016,26,1.0
bradymi01,mlb,G_p,2017,30,1.0
brentbr01,mlb,G_of,2016,28,2.0
brentbr01,mlb,G_of,2016,28,2.0
brettry01,mlb,G_if,2015,24,1.0
bridwpa01,mlb,G_p,2018,27,3.0
bridwpa01,mlb,G_p,2018,27,3.0
bridwpa01,mlb,G_p,2018,27,3.0
brighja01,mlb,G_p,2015,27,1.0
broadmi01,mlb,G_p,2016,29,1.0
broadmi01,mlb,G_p,2016,29,1.0
brownbr02,mlb,G_p,2015,30,2.0
brownbr02,mlb,G_p,2015,30,2.0
brownga02,mlb,G_of,2014,26,1.0
browntr01,mlb,G_c,2016,25,2.0
browntr01,mlb,G_c,2016,25,2.0
brugmja01,mlb,G_of,2017,25,1.0
buchada01,mlb,G_p,2015,26,2.0
buchada01,mlb,G_p,2015,26,2.0
buchaja01,mlb,G_p,2017,28,3.0
buchaja01,mlb,G_p,2017,28,3.0
buchaja01,mlb,G_p,2017,28,3.0
buchaja01,mlb,G_p,2017,28,3.0
burawda01,mlb,G_p,2015,27,1.0
burawda01,mlb,G_p,2015,27,1.0
burgoen02,mlb,G_p,2016,26,2.0
burgoen02,mlb,G_p,2016,26,2.0
burnsbi02,mlb,G_of,2017,28,3.0
burnsbi02,mlb,G_of,2017,28,3.0
burnsbi02,mlb,G_of,2017,28,3.0
burnsbi02,mlb,G_of,2017,28,3.0
burnsbi02,mlb,G_of,2017,28,3.0
buschma01,mlb,G_p,2016,32,1.0
busenal01,mlb,G_p,2018,28,2.0
busenal01,mlb,G_p,2018,28,2.0
butleda01,mlb,G_c,2018,32,5.0
butleda01,mlb,G_c,2018,32,5.0
butleed01,mlb,G_p,2018,27,5.0
butleed01,mlb,G_p,2018,27,5.0
butleed01,mlb,G_p,2018,27,5.0
butleed01,mlb,G_p,2018,27,5.0
butleed01,mlb,G_p,2018,27,5.0
butleed01,mlb,G_p,2018,27,5.0
cabrema01,mlb,G_p,2016,23,1.0
cabrera01,mlb,G_c,2016,27,2.0
cabrera01,mlb,G_c,2016,27,2.0
calixor01,mlb,G_if,2017,25,3.0
calixor01,mlb,G_of,2017,25,3.0
callaja01,mlb,G_p,2017,23,1.0
campojo01,mlb,G_p,2016,24,0.0
campole01,mlb,G_p,2017,30,4.0
campole01,mlb,G_p,2017,30,4.0
campole01,mlb,G_p,2017,30,4.0
campole01,mlb,G_p,2017,30,4.0
cardust01,mlb,G_if,2017,30,1.0
cardust01,mlb,G_of,2017,30,1.0
carrosc02,mlb,G_p,2016,32,3.0
carrosc02,mlb,G_p,2016,32,3.0
carrosc02,mlb,G_p,2016,32,3.0
castifa01,mlb,G_p,2017,28,1.0
castiru01,mlb,G_of,2016,29,2.0
castiru01,mlb,G_of,2016,29,2.0
castiru01,mlb,G_of,2016,29,2.0
castran01,mlb,G_p,2015,33,1.0
castrda01,mlb,G_if,2018,26,3.0
castrda01,mlb,G_if,2018,26,3.0
castrda01,mlb,G_if,2018,26,3.0
cecchga01,mlb,G_if,2015,24,2.0
cecchga01,mlb,G_if,2015,24,2.0
cecchga02,mlb,G_if,2017,24,2.0
cecchga02,mlb,G_if,2017,24,2.0
cecilda01,mlb,G_of,2017,27,2.0
cecilda01,mlb,G_of,2017,27,2.0
cecilda01,mlb,G_of,2017,27,2.0
cervehu01,mlb,G_p,2017,27,2.0
cervehu01,mlb,G_p,2017,27,2.0
cervehu01,mlb,G_p,2017,27,2.0
chacial01,mlb,G_p,2017,24,1.0
clarkma02,mlb,G_if,2014,28,1.0
coatsja01,mlb,G_of,2016,26,1.0
colemdu01,mlb,G_if,2017,30,3.0
colemdu01,mlb,G_if,2017,30,3.0
collity01,mlb,G_of,2017,27,4.0
collity01,mlb,G_of,2017,27,4.0
collity01,mlb,G_of,2017,27,4.0
collity01,mlb,G_of,2017,27,4.0
colonjo01,mlb,G_p,2016,26,1.0
concege01,mlb,G_p,2016,24,1.0
conlopj01,mlb,G_p,2018,25,1.0
contrca01,mlb,G_p,2015,24,2.0
contrca01,mlb,G_p,2015,24,2.0
cooneti01,mlb,G_p,2015,25,1.0
copelsc01,mlb,G_p,2018,31,4.0
copelsc01,mlb,G_p,2018,31,4.0
corcida01,mlb,G_p,2018,28,4.0
corcida01,mlb,G_p,2018,28,4.0
cordier01,mlb,G_p,2015,29,2.0
cordier01,mlb,G_p,2015,29,2.0
cordoal01,mlb,G_of,2017,22,1.0
cornejo01,mlb,G_p,2015,26,0.0
cothaca01,mlb,G_p,2016,29,1.0
cothaca01,mlb,G_p,2016,29,1.0
cottojh01,mlb,G_p,2017,25,2.0
cottojh01,mlb,G_p,2017,25,2.0
cravyty01,mlb,G_p,2016,27,2.0
cravyty01,mlb,G_p,2016,27,2.0
crockky01,mlb,G_p,2018,27,5.0
crockky01,mlb,G_p,2018,27,5.0
crockky01,mlb,G_p,2018,27,5.0
crockky01,mlb,G_p,2018,27,5.0
crockky01,mlb,G_p,2018,27,5.0
cuevawi01,mlb,G_p,2018,28,3.0
cuevawi01,mlb,G_p,2018,28,3.0
cuevawi01,mlb,G_p,2018,28,3.0
cunnibr02,mlb,G_p,2016,28,2.0
cunnibr02,mlb,G_p,2016,28,2.0
curtiza01,mlb,G_p,2018,26,3.0
curtiza01,mlb,G_p,2018,26,3.0
curtiza01,mlb,G_p,2018,26,3.0
curtiza01,mlb,G_p,2018,26,3.0
curtiza01,mlb,G_p,2018,26,3.0
danisty01,mlb,G_p,2018,24,3.0
danisty01,mlb,G_p,2018,24,3.0
danisty01,mlb,G_p,2018,24,3.0
darnelo01,mlb,G_p,2014,25,1.0
deanpa02,mlb,G_p,2016,27,1.0
deckeco01,mlb,G_if,2015,28,1.0
deetzde01,mlb,G_p,2018,25,1.0
delacjo01,mlb,G_p,2016,27,1.0
delosab01,mlb,G_p,2016,24,2.0
delosab01,mlb,G_p,2016,24,2.0
denniry01,mlb,G_p,2014,27,1.0
depaujo02,mlb,G_p,2015,27,0.0
diazda01,mlb,G_p,2017,28,2.0
diazda01,mlb,G_p,2017,28,2.0
diazju03,mlb,G_p,2017,33,4.0
diazju03,mlb,G_p,2017,33,4.0
diazju03,mlb,G_p,2017,33,4.0
diazju03,mlb,G_p,2017,33,4.0
dicksok01,mlb,G_of,2017,27,1.0
dominch01,mlb,G_of,2015,29,1.0
dominch01,mlb,G_of,2015,29,1.0
dornda01,mlb,G_of,2015,31,1.0
duffyma02,mlb,G_if,2016,27,1.0
duffyma02,mlb,G_if,2016,27,1.0
dykstal01,mlb,G_if,2015,28,1.0
easleed01,mlb,G_c,2015,30,1.0
egeco01,mlb,G_p,2016,25,1.0
egeco01,mlb,G_p,2016,25,1.0
ellinbr02,mlb,G_p,2017,27,3.0
ellinbr02,mlb,G_p,2017,27,3.0
ellinbr02,mlb,G_p,2017,27,3.0
ennsdi01,mlb,G_p,2017,26,1.0
eschja01,mlb,G_p,2017,27,1.0
eschja01,mlb,G_p,2017,27,1.0
escobed02,mlb,G_p,2016,24,3.0
escobed02,mlb,G_p,2016,24,3.0
faulkan01,mlb,G_p,2016,24,2.0
faulkan01,mlb,G_p,2016,24,2.0
feathta01,mlb,G_if,2017,28,3.0
feathta01,mlb,G_if,2017,28,3.0
feathta01,mlb,G_if,2017,28,3.0
fernajo03,mlb,G_if,2018,30,1.0
ferreje01,mlb,G_p,2017,27,3.0
ferreje01,mlb,G_p,2017,27,3.0
fieldda01,mlb,G_of,2015,24,0.0
fieldjo04,mlb,G_of,2018,26,1.0
fieldjo04,mlb,G_of,2018,26,1.0
figueco01,mlb,G_if,2016,29,3.0
figueco01,mlb,G_if,2016,29,3.0
figueco01,mlb,G_if,2016,29,3.0
finnebr01,mlb,G_p,2018,25,4.0
finnebr01,mlb,G_p,2018,25,4.0
finnebr01,mlb,G_p,2018,25,4.0
finnebr01,mlb,G_p,2018,25,4.0
finnebr01,mlb,G_p,2018,25,4.0
finnebr01,mlb,G_p,2018,25,4.0
flandyo01,mlb,G_p,2016,30,3.0
flandyo01,mlb,G_p,2016,30,3.0
flandyo01,mlb,G_p,2016,30,3.0
floreke01,mlb,G_p,2016,25,1.0
floreke01,mlb,G_p,2016,25,1.0
florera02,mlb,G_of,2017,25,3.0
florera02,mlb,G_of,2017,25,3.0
florera02,mlb,G_of,2017,25,3.0
fontano01,mlb,G_if,2018,27,2.0
fontano01,mlb,G_if,2018,27,2.0
fornaer01,mlb,G_p,2014,26,1.0
friasca01,mlb,G_p,2016,27,2.0
friasca01,mlb,G_p,2016,27,2.0
friasca01,mlb,G_p,2016,27,2.0
gamboed01,mlb,G_p,2016,32,1.0
garcefr01,mlb,G_p,2015,25,2.0
garcefr01,mlb,G_p,2015,25,2.0
garciad01,mlb,G_if,2017,32,3.0
garciad01,mlb,G_if,2017,32,3.0
garciad01,mlb,G_if,2017,32,3.0
garcija03,mlb,G_p,2015,23,1.0
garciwi01,mlb,G_of,2017,25,1.0
gardeni01,mlb,G_p,2018,25,1.0
gardeni01,mlb,G_p,2018,25,1.0
garnepe01,mlb,G_p,2016,28,1.0
girodch01,mlb,G_p,2016,25,1.0
glennbr01,mlb,G_of,2014,27,1.0
gloveko01,mlb,G_p,2018,25,3.0
gloveko01,mlb,G_p,2018,25,3.0
gloveko01,mlb,G_p,2018,25,3.0
goebbja01,mlb,G_if,2014,27,1.0
goedder01,mlb,G_p,2018,30,4.0
goedder01,mlb,G_p,2018,30,4.0
goedder01,mlb,G_p,2018,30,4.0
goedder01,mlb,G_p,2018,30,4.0
goedder01,mlb,G_p,2018,30,4.0
goedder01,mlb,G_p,2018,30,4.0
goeddty01,mlb,G_of,2016,24,1.0
goforda01,mlb,G_p,2017,29,2.0
goforda01,mlb,G_p,2017,29,2.0
goforda01,mlb,G_p,2017,29,2.0
goharlu01,mlb,G_p,2018,22,1.0
goharlu01,mlb,G_p,2018,22,1.0
goldbbr01,mlb,G_p,2017,27,1.0
gomezmi01,mlb,G_if,2018,26,1.0
gomezmi01,mlb,G_if,2018,26,1.0
gomezro01,mlb,G_p,2018,29,1.0
gomezro01,mlb,G_p,2018,29,1.0
gonsast01,mlb,G_p,2018,24,1.0
gonzaal04,mlb,G_c,2018,26,1.0
gonzame01,mlb,G_p,2018,23,1.0
gonzami05,mlb,G_p,2014,31,1.0
gonzase01,mlb,G_p,2016,24,2.0
gonzase01,mlb,G_p,2016,24,2.0
gosseda01,mlb,G_p,2018,26,1.0
gosseda01,mlb,G_p,2018,26,1.0
grahajr01,mlb,G_p,2016,26,2.0
grahajr01,mlb,G_p,2016,26,2.0
graniza01,mlb,G_of,2017,25,1.0
gravebr01,mlb,G_p,2018,25,1.0
greenni02,mlb,G_p,2015,28,2.0
greenni02,mlb,G_p,2015,28,2.0
grubeja01,mlb,G_p,2014,33,0.0
guaipma01,mlb,G_p,2016,26,1.0
guaipma01,mlb,G_p,2016,26,1.0
guerral01,mlb,G_of,2015,29,2.0
guerral01,mlb,G_of,2015,29,2.0
guerrga01,mlb,G_of,2018,25,1.0
gurkaja01,mlb,G_p,2017,29,3.0
gurkaja01,mlb,G_p,2017,29,3.0
gurkaja01,mlb,G_p,2017,29,3.0
hagenbr01,mlb,G_p,2014,25,1.0
haleyju01,mlb,G_p,2018,27,2.0
haleyju01,mlb,G_p,2018,27,2.0
hallco01,mlb,G_p,2016,28,1.0
hallco01,mlb,G_p,2016,28,1.0
hancoju01,mlb,G_p,2018,28,1.0
hanhoer01,mlb,G_p,2018,25,1.0
hanneja01,mlb,G_of,2017,26,1.0
harrimi03,mlb,G_p,2015,30,1.0
hassaal01,mlb,G_of,2014,26,1.0
hathast01,mlb,G_p,2016,26,1.0
hatlema01,mlb,G_p,2015,27,1.0
hauscmi01,mlb,G_p,2018,28,2.0
hauscmi01,mlb,G_p,2018,28,2.0
hayesdr01,mlb,G_p,2016,29,1.0
hazelje01,mlb,G_of,2017,30,2.0
hazelje01,mlb,G_of,2017,30,2.0
heathsl01,mlb,G_of,2015,25,1.0
hernaar01,mlb,G_p,2017,25,1.0
herrero01,mlb,G_p,2017,22,1.0
hesslke01,mlb,G_p,2016,27,2.0
hesslke01,mlb,G_p,2016,27,2.0
hesslke01,mlb,G_p,2016,27,2.0
hestoch01,mlb,G_p,2017,29,3.0
hestoch01,mlb,G_p,2017,29,3.0
hestoch01,mlb,G_p,2017,29,3.0
hestoch01,mlb,G_p,2017,29,3.0
hestoch01,mlb,G_p,2017,29,3.0
hillta01,mlb,G_p,2015,26,1.0
hillta01,mlb,G_p,2015,26,1.0
hinojda01,mlb,G_p,2016,30,1.0
hinojda01,mlb,G_p,2016,30,1.0
hinojda01,mlb,G_p,2016,30,1.0
holdzjo01,mlb,G_p,2014,27,1.0
hollama01,mlb,G_p,2014,26,1.0
holtty01,mlb,G_of,2016,27,3.0
holtty01,mlb,G_of,2016,27,3.0
holtty01,mlb,G_of,2016,27,3.0
holtty01,mlb,G_of,2016,27,3.0
hoodde01,mlb,G_of,2016,26,1.0
housetj01,mlb,G_p,2017,28,4.0
housetj01,mlb,G_p,2017,28,4.0
housetj01,mlb,G_p,2017,28,4.0
housetj01,mlb,G_p,2017,28,4.0
huch02,mlb,G_p,2018,25,2.0
huch02,mlb,G_p,2018,25,2.0
hurshja01,mlb,G_p,2017,26,1.0
hurshja01,mlb,G_p,2017,26,1.0
hwangja01,mlb,G_if,2017,30,1.0
ibarred01,mlb,G_p,2015,26,1.0
jaimeju01,mlb,G_p,2015,28,1.0
jaimeju01,mlb,G_p,2015,28,1.0
jankojo01,mlb,G_p,2017,28,1.0
jayemy01,mlb,G_p,2017,26,1.0
jenkity01,mlb,G_p,2016,24,1.0
jenseky01,mlb,G_of,2016,28,1.0
jimenaj01,mlb,G_c,2017,27,1.0
johnsmi04,mlb,G_if,2017,27,3.0
johnsmi04,mlb,G_if,2017,27,3.0
johnsmi04,mlb,G_of,2017,27,3.0
johnssh01,mlb,G_if,2018,28,1.0
jokiser01,mlb,G_p,2014,25,1.0
jonesja06,mlb,G_of,2015,27,2.0
jonesja06,mlb,G_of,2015,27,2.0
jonesry01,mlb,G_if,2018,24,2.0
jonesry01,mlb,G_if,2018,24,2.0
jorgefe01,mlb,G_p,2017,23,1.0
josepto01,mlb,G_if,2017,26,2.0
josepto01,mlb,G_if,2017,26,2.0
jungmta01,mlb,G_p,2017,28,2.0
jungmta01,mlb,G_p,2017,28,2.0
jungmta01,mlb,G_p,2017,28,2.0
kaczmke01,mlb,G_of,2018,27,1.0
kellyry01,mlb,G_p,2015,28,1.0
kellyty01,mlb,G_if,2018,30,3.0
kellyty01,mlb,G_p,2018,30,3.0
kellyty01,mlb,G_if,2018,30,3.0
kellyty01,mlb,G_if,2018,30,3.0
kennebr02,mlb,G_p,2018,24,1.0
kiebosp01,mlb,G_p,2018,27,2.0
kiebosp01,mlb,G_c,2018,27,2.0
kiekhde01,mlb,G_p,2018,29,3.0
kiekhde01,mlb,G_p,2018,29,3.0
kimhy01,mlb,G_of,2017,29,2.0
kimhy01,mlb,G_of,2017,29,2.0
kimhy01,mlb,G_of,2017,29,2.0
kleinph01,mlb,G_p,2016,27,3.0
kleinph01,mlb,G_p,2016,27,3.0
kleinph01,mlb,G_p,2016,27,3.0
kleinph01,mlb,G_p,2016,27,3.0
knudsgu01,mlb,G_p,2015,26,1.0
krehbjo01,mlb,G_p,2018,26,1.0
kubitky01,mlb,G_if,2015,25,1.0
labouja01,mlb,G_p,2017,23,1.0
ladenty01,mlb,G_of,2016,28,2.0
ladenty01,mlb,G_if,2016,28,2.0
lambjo02,mlb,G_p,2018,28,3.0
lambjo02,mlb,G_p,2018,28,3.0
lambjo02,mlb,G_p,2018,28,3.0
lawreca01,mlb,G_p,2018,31,2.0
lawreca01,mlb,G_p,2018,31,2.0
lawreca01,mlb,G_p,2018,31,2.0
lazora01,mlb,G_p,2015,26,1.0
leathja01,mlb,G_p,2017,27,3.0
leathja01,mlb,G_p,2017,27,3.0
leathja01,mlb,G_p,2017,27,3.0
leebr01,mlb,G_of,2018,25,1.0
leeda02,mlb,G_if,2016,34,1.0
leeza01,mlb,G_p,2017,26,2.0
leeza01,mlb,G_p,2017,26,2.0
leitema02,mlb,G_p,2018,27,2.0
leitema02,mlb,G_p,2018,27,2.0
leitema02,mlb,G_p,2018,27,2.0
leonar01,mlb,G_p,2016,28,1.0
leonar01,mlb,G_p,2016,28,1.0
leonar02,mlb,G_p,2017,31,1.0
liberad01,mlb,G_p,2018,31,4.0
liberad01,mlb,G_p,2018,31,4.0
liberad01,mlb,G_p,2018,31,4.0
liberad01,mlb,G_p,2018,31,4.0
lightpa01,mlb,G_p,2016,25,1.0
lightpa01,mlb,G_p,2016,25,1.0
lindgja01,mlb,G_p,2015,22,1.0
liriary01,mlb,G_of,2017,26,4.0
liriary01,mlb,G_of,2017,26,4.0
lloydky01,mlb,G_p,2017,27,0.0
lolliry01,mlb,G_of,2015,29,1.0
lopezra02,mlb,G_c,2018,31,4.0
lopezra02,mlb,G_c,2018,31,4.0
lopezra02,mlb,G_c,2018,31,4.0
lopezra02,mlb,G_c,2018,31,4.0
machadi01,mlb,G_if,2018,26,4.0
machadi01,mlb,G_if,2018,26,4.0
machadi01,mlb,G_if,2018,26,4.0
machadi01,mlb,G_if,2018,26,4.0
maddoau01,mlb,G_p,2017,26,1.0
magnida01,mlb,G_p,2017,26,1.0
magnida01,mlb,G_p,2017,26,1.0
mahlegr01,mlb,G_p,2016,23,1.0
makitka01,mlb,G_p,2018,34,1.0
mannbr01,mlb,G_p,2018,34,1.0
marimsu01,mlb,G_p,2015,27,1.0
mariomi01,mlb,G_p,2016,28,3.0
mariomi01,mlb,G_p,2016,28,3.0
mariomi01,mlb,G_p,2016,28,3.0
marjami01,mlb,G_c,2018,29,1.0
marjami01,mlb,G_c,2018,29,1.0
marksju01,mlb,G_p,2017,29,4.0
marksju01,mlb,G_p,2017,29,4.0
marksju01,mlb,G_p,2017,29,4.0
marksma01,mlb,G_p,2016,26,1.0
marksma01,mlb,G_p,2016,26,1.0
martefr01,mlb,G_p,2017,22,1.0
marteje01,mlb,G_if,2018,27,4.0
marteje01,mlb,G_if,2018,27,4.0
marteje01,mlb,G_if,2018,27,4.0
marteje01,mlb,G_if,2018,27,4.0
marteke02,mlb,G_p,2016,29,1.0
martico01,mlb,G_p,2017,28,3.0
martico01,mlb,G_p,2017,28,3.0
martico01,mlb,G_p,2017,28,3.0
martico01,mlb,G_p,2017,28,3.0
martiky01,mlb,G_p,2017,26,1.0
martini01,mlb,G_p,2017,27,4.0
martini01,mlb,G_p,2017,27,4.0
martini01,mlb,G_p,2017,27,4.0
martini01,mlb,G_p,2017,27,4.0
martira04,mlb,G_p,2016,32,2.0
martira04,mlb,G_p,2016,32,2.0
maxwebr01,mlb,G_c,2018,28,2.0
maxwebr01,mlb,G_c,2018,28,2.0
maxwebr01,mlb,G_c,2018,28,2.0
mayja02,mlb,G_of,2017,25,1.0
mazzoco01,mlb,G_p,2018,29,4.0
mazzoco01,mlb,G_p,2018,29,4.0
mazzoco01,mlb,G_p,2018,29,4.0
mccoypa01,mlb,G_p,2014,26,1.0
mccread01,mlb,G_p,2018,26,0.0
mcgousc01,mlb,G_p,2015,26,1.0
mcgowke01,mlb,G_p,2017,26,1.0
mcgraky01,mlb,G_p,2018,26,1.0
mcgraky01,mlb,G_p,2018,26,1.0
mcguide02,mlb,G_p,2018,29,2.0
mcguide02,mlb,G_p,2018,29,2.0
mcguide02,mlb,G_p,2018,29,2.0
mckiran01,mlb,G_p,2015,25,1.0
mejiaal01,mlb,G_if,2017,26,1.0
mendero01,mlb,G_p,2015,25,2.0
mendero01,mlb,G_p,2015,25,2.0
mendero01,mlb,G_p,2015,25,2.0
merceme01,mlb,G_p,2014,24,0.0
merriry01,mlb,G_p,2017,25,2.0
merriry01,mlb,G_p,2017,25,2.0
meyeral01,mlb,G_p,2017,27,3.0
meyeral01,mlb,G_p,2017,27,3.0
meyeral01,mlb,G_p,2017,27,3.0
meyeral01,mlb,G_p,2017,27,3.0
meyerbe02,mlb,G_p,2018,25,1.0
millemi01,mlb,G_if,2016,27,0.0
miranar01,mlb,G_p,2018,29,2.0
miranar01,mlb,G_p,2018,29,2.0
miranar01,mlb,G_p,2018,29,2.0
miranar01,mlb,G_p,2018,29,2.0
mitchbr01,mlb,G_p,2018,27,5.0
mitchbr01,mlb,G_p,2018,27,5.0
mitchbr01,mlb,G_p,2018,27,5.0
mitchbr01,mlb,G_p,2018,27,5.0
mitchbr01,mlb,G_p,2018,27,5.0
molledu01,mlb,G_p,2016,32,1.0
mollsa01,mlb,G_p,2017,25,1.0
moncrca01,mlb,G_of,2017,29,1.0
moralos01,mlb,G_p,2018,26,0.0
morendi01,mlb,G_p,2017,30,2.0
morendi01,mlb,G_p,2017,30,2.0
morriaj01,mlb,G_p,2016,30,1.0
morriak01,mlb,G_p,2018,26,4.0
morriak01,mlb,G_p,2018,26,4.0
morriak01,mlb,G_p,2018,26,4.0
moscojo01,mlb,G_p,2016,25,2.0
moscojo01,mlb,G_p,2016,25,2.0
motteta01,mlb,G_if,2018,29,3.0
motteta01,mlb,G_if,2018,29,3.0
motteta01,mlb,G_of,2018,29,3.0
motteta01,mlb,G_if,2018,29,3.0
moyaga01,mlb,G_p,2018,23,2.0
moyaga01,mlb,G_p,2018,23,2.0
moyast01,mlb,G_of,2016,25,3.0
moyast01,mlb,G_of,2016,25,3.0
moyast01,mlb,G_of,2016,25,3.0
mulleco01,mlb,G_p,2016,28,1.0
munoda01,mlb,G_if,2015,26,1.0
muratto01,mlb,G_p,2015,30,0.0
murraco01,mlb,G_p,2016,26,2.0
murraco01,mlb,G_p,2016,26,2.0
navarre01,mlb,G_if,2015,26,1.0
nealza01,mlb,G_p,2018,30,2.0
nealza01,mlb,G_p,2018,30,2.0
nealza01,mlb,G_p,2018,30,2.0
nesbian01,mlb,G_p,2015,25,1.0
ngoepgi01,mlb,G_if,2018,28,2.0
ngoepgi01,mlb,G_if,2018,28,2.0
nichobr01,mlb,G_c,2017,29,2.0
nichobr01,mlb,G_c,2017,29,2.0
nicolju01,mlb,G_p,2017,26,3.0
nicolju01,mlb,G_p,2017,26,3.0
nicolju01,mlb,G_p,2017,26,3.0
nietoad01,mlb,G_c,2014,25,1.0
nixja02,mlb,G_p,2018,22,1.0
noelri01,mlb,G_of,2015,26,1.0
oakstr01,mlb,G_p,2018,25,1.0
ogandne01,mlb,G_p,2016,27,2.0
ogandne01,mlb,G_p,2016,27,2.0
ogradch01,mlb,G_p,2018,28,1.0
ogradch01,mlb,G_p,2018,28,1.0
ohlmami01,mlb,G_c,2017,27,1.0
olivehe01,mlb,G_if,2016,31,1.0
olivehe01,mlb,G_of,2016,31,1.0
omallsh01,mlb,G_of,2016,29,3.0
omallsh01,mlb,G_of,2016,29,3.0
omallsh01,mlb,G_if,2016,29,3.0
orlanpa01,mlb,G_of,2018,33,4.0
orlanpa01,mlb,G_of,2018,33,4.0
orlanpa01,mlb,G_of,2018,33,4.0
orlanpa01,mlb,G_of,2018,33,4.0
ortizda02,mlb,G_of,2017,27,1.0
overtdi01,mlb,G_p,2017,26,2.0
overtdi01,mlb,G_p,2017,26,2.0
overtdi01,mlb,G_p,2017,26,2.0
owenshe02,mlb,G_p,2016,24,2.0
owenshe02,mlb,G_p,2016,24,2.0
owensru01,mlb,G_p,2014,27,0.0
pareded01,mlb,G_p,2018,23,2.0
pareded01,mlb,G_p,2018,23,2.0
pareded02,mlb,G_p,2018,32,1.0
pareded02,mlb,G_p,2018,32,1.0
parkby01,mlb,G_if,2016,30,1.0
parkeky01,mlb,G_of,2015,26,2.0
parkeky01,mlb,G_of,2015,26,2.0
parmlia01,mlb,G_of,2017,28,1.0
pattejo03,mlb,G_of,2016,24,1.0
pattere02,mlb,G_p,2014,27,0.0
paulida01,mlb,G_p,2018,24,3.0
paulida01,mlb,G_p,2018,24,3.0
paulida01,mlb,G_p,2018,24,3.0
paulsbe01,mlb,G_if,2016,29,3.0
paulsbe01,mlb,G_if,2016,29,3.0
paulsbe01,mlb,G_if,2016,29,3.0
pelhacd01,mlb,G_p,2018,23,1.0
penaar01,mlb,G_p,2016,27,1.0
penaar01,mlb,G_p,2016,27,1.0
penafr01,mlb,G_c,2018,29,5.0
penafr01,mlb,G_c,2018,29,5.0
penafr01,mlb,G_c,2018,29,5.0
penafr01,mlb,G_c,2018,29,5.0
penafr01,mlb,G_c,2018,29,5.0
perezca02,mlb,G_c,2018,28,4.0
perezca02,mlb,G_c,2018,28,4.0
perezca02,mlb,G_c,2018,28,4.0
perezca02,mlb,G_c,2018,28,4.0
perezca02,mlb,G_c,2018,28,4.0
perezwi01,mlb,G_p,2016,25,2.0
perezwi01,mlb,G_p,2016,25,2.0
perezye01,mlb,G_if,2016,25,1.0
perkica01,mlb,G_of,2017,27,1.0
pillty01,mlb,G_p,2017,27,1.0
pindebr01,mlb,G_p,2016,27,2.0
pindebr01,mlb,G_p,2016,27,2.0
pinoyo01,mlb,G_p,2015,32,1.0
pinoyo01,mlb,G_p,2015,32,1.0
pompeda01,mlb,G_of,2018,26,4.0
pompeda01,mlb,G_of,2018,26,4.0
pompeda01,mlb,G_of,2018,26,4.0
pompeda01,mlb,G_of,2018,26,4.0
povsema01,mlb,G_p,2017,24,1.0
powelbo02,mlb,G_of,2018,25,1.0
powelbo02,mlb,G_of,2018,25,1.0
powelbo02,mlb,G_of,2018,25,1.0
pricebr01,mlb,G_p,2014,28,1.0
purkema01,mlb,G_p,2016,26,1.0
quackke01,mlb,G_p,2018,30,4.0
quackke01,mlb,G_p,2018,30,4.0
quackke01,mlb,G_p,2018,30,4.0
quackke01,mlb,G_p,2018,30,4.0
quackke01,mlb,G_p,2018,30,4.0
quereju01,mlb,G_if,2016,24,1.0
ramirca01,mlb,G_p,2018,27,1.0
ramirca01,mlb,G_p,2018,27,1.0
ramirca01,mlb,G_p,2018,27,1.0
ramirjo02,mlb,G_p,2018,28,4.0
ramirjo02,mlb,G_p,2018,28,4.0
ramirjo02,mlb,G_p,2018,28,4.0
ramirjo02,mlb,G_p,2018,28,4.0
ramirjo02,mlb,G_p,2018,28,4.0
ramirjo02,mlb,G_p,2018,28,4.0
ranauan01,mlb,G_p,2016,27,3.0
ranauan01,mlb,G_p,2016,27,3.0
ranauan01,mlb,G_p,2016,27,3.0
ranauan01,mlb,G_p,2016,27,3.0
rasmuro01,mlb,G_p,2015,26,2.0
rasmuro01,mlb,G_p,2015,26,2.0
rasmuro01,mlb,G_p,2015,26,2.0
ravinjo01,mlb,G_p,2018,30,3.0
ravinjo01,mlb,G_p,2018,30,3.0
ravinjo01,mlb,G_p,2018,30,3.0
ravinjo01,mlb,G_p,2018,30,3.0
rearich01,mlb,G_p,2015,28,1.0
reedch01,mlb,G_p,2015,25,1.0
reinhja01,mlb,G_if,2018,26,2.0
reinhja01,mlb,G_if,2018,26,2.0
rendato01,mlb,G_if,2018,27,3.0
rendato01,mlb,G_p,2018,27,3.0
reyesje01,mlb,G_p,2018,25,1.0
riefecj01,mlb,G_p,2015,25,2.0
riefecj01,mlb,G_p,2015,25,2.0
riverca02,mlb,G_if,2014,26,1.0
rivertj01,mlb,G_if,2017,29,1.0
rivertj01,mlb,G_if,2017,29,1.0
roachdo01,mlb,G_p,2016,27,3.0
roachdo01,mlb,G_p,2016,27,3.0
roachdo01,mlb,G_p,2016,27,3.0
roberda09,mlb,G_of,2017,32,4.0
roberda09,mlb,G_of,2017,32,4.0
roberda09,mlb,G_of,2017,32,4.0
roberda09,mlb,G_of,2017,32,4.0
roberke02,mlb,G_p,2015,27,1.0
roberke02,mlb,G_p,2015,27,1.0
rodrigu02,mlb,G_if,2014,31,1.0
rodriri04,mlb,G_p,2018,26,1.0
rodriri04,mlb,G_p,2018,26,1.0
rodriwi02,mlb,G_p,2014,24,1.0
rodriyo01,mlb,G_of,2014,22,1.0
rogerja02,mlb,G_if,2016,28,3.0
rogerja02,mlb,G_if,2016,28,3.0
rogerja02,mlb,G_if,2016,28,3.0
rollida01,mlb,G_p,2016,27,2.0
rollida01,mlb,G_p,2016,27,2.0
romakja01,mlb,G_of,2015,30,2.0
romakja01,mlb,G_of,2015,30,2.0
romerst01,mlb,G_of,2016,28,3.0
romerst01,mlb,G_of,2016,28,3.0
romerst01,mlb,G_of,2016,28,3.0
rondojo01,mlb,G_p,2016,28,2.0
rondojo01,mlb,G_p,2016,28,2.0
rondojo01,mlb,G_p,2016,28,2.0
rondojo01,mlb,G_p,2016,28,2.0
rosaral01,mlb,G_c,2017,30,2.0
rosaral01,mlb,G_p,2017,30,2.0
rosinse01,mlb,G_p,2015,27,2.0
rosinse01,mlb,G_p,2015,27,2.0
rowlech01,mlb,G_p,2018,28,1.0
rowlech01,mlb,G_p,2018,28,1.0
ruary01,mlb,G_of,2018,28,5.0
ruary01,mlb,G_of,2018,28,5.0
ruary01,mlb,G_of,2018,28,5.0
ruary01,mlb,G_of,2018,28,5.0
ruary01,mlb,G_of,2018,28,5.0
rucindr01,mlb,G_p,2018,30,5.0
rucindr01,mlb,G_p,2018,30,5.0
rucindr01,mlb,G_p,2018,30,5.0
rucindr01,mlb,G_p,2018,30,5.0
sampske01,mlb,G_p,2016,25,2.0
sampske01,mlb,G_p,2016,25,2.0
sanchan03,mlb,G_p,2017,28,1.0
santolu01,mlb,G_p,2018,27,1.0
santolu01,mlb,G_p,2018,27,1.0
sardilu01,mlb,G_if,2018,25,5.0
sardilu01,mlb,G_if,2018,25,5.0
sardilu01,mlb,G_if,2018,25,5.0
sardilu01,mlb,G_if,2018,25,5.0
sardilu01,mlb,G_if,2018,25,5.0
sardilu01,mlb,G_if,2018,25,5.0
saupowa01,mlb,G_p,2018,28,3.0
saupowa01,mlb,G_p,2018,28,3.0
saupowa01,mlb,G_p,2018,28,3.0
schimry01,mlb,G_if,2018,30,2.0
schimry01,mlb,G_if,2018,30,2.0
schimry01,mlb,G_of,2018,30,2.0
schlogu01,mlb,G_p,2014,26,1.0
schugaj01,mlb,G_p,2017,28,3.0
schugaj01,mlb,G_p,2017,28,3.0
schugaj01,mlb,G_p,2017,28,3.0
schulbo02,mlb,G_p,2016,31,3.0
schulbo02,mlb,G_p,2016,31,3.0
schulbo02,mlb,G_p,2016,31,3.0
schuspa01,mlb,G_p,2016,26,1.0
schuspa01,mlb,G_p,2016,26,1.0
scribtr01,mlb,G_p,2018,27,1.0
scribtr01,mlb,G_p,2018,27,1.0
scrugxa01,mlb,G_if,2016,29,3.0
scrugxa01,mlb,G_if,2016,29,3.0
scrugxa01,mlb,G_if,2016,29,3.0
segedro01,mlb,G_if,2017,29,2.0
segedro01,mlb,G_if,2017,29,2.0
selskst01,mlb,G_of,2017,28,1.0
selskst01,mlb,G_if,2017,28,1.0
shackke01,mlb,G_p,2018,29,1.0
shackke01,mlb,G_p,2018,29,1.0
shaffri01,mlb,G_if,2016,25,2.0
shaffri01,mlb,G_if,2016,25,2.0
shiplbr01,mlb,G_p,2018,26,2.0
shiplbr01,mlb,G_p,2018,26,2.0
shiplbr01,mlb,G_p,2018,26,2.0
simmosh01,mlb,G_p,2017,27,4.0
simmosh01,mlb,G_p,2017,27,4.0
simmosh01,mlb,G_p,2017,27,4.0
singljo02,mlb,G_if,2015,24,2.0
singljo02,mlb,G_if,2015,24,2.0
slanida01,mlb,G_p,2017,25,0.0
smithbl01,mlb,G_p,2016,29,1.0
smithca02,mlb,G_p,2018,29,4.0
smithca02,mlb,G_p,2018,29,4.0
smithca02,mlb,G_p,2018,29,4.0
smithca02,mlb,G_p,2018,29,4.0
smithca02,mlb,G_p,2018,29,4.0
smithch08,mlb,G_p,2015,26,1.0
smithch08,mlb,G_p,2015,26,1.0
smithch09,mlb,G_p,2017,29,1.0
smithja06,mlb,G_p,2016,26,1.0
smithmu01,mlb,G_p,2018,31,1.0
smithty01,mlb,G_if,2017,26,1.0
smokejo01,mlb,G_p,2018,30,3.0
smokejo01,mlb,G_p,2018,30,3.0
smokejo01,mlb,G_p,2018,30,3.0
smokejo01,mlb,G_p,2018,30,3.0
smolija01,mlb,G_of,2018,29,4.0
smolija01,mlb,G_of,2018,29,4.0
smolija01,mlb,G_of,2018,29,4.0
smolija01,mlb,G_of,2018,29,4.0
smolija01,mlb,G_of,2018,29,4.0
smolija01,mlb,G_of,2018,29,4.0
sneltdj01,mlb,G_p,2018,26,1.0
snodgsc01,mlb,G_p,2014,25,1.0
solissa01,mlb,G_p,2018,30,4.0
solissa01,mlb,G_p,2018,30,4.0
solissa01,mlb,G_p,2018,30,4.0
solissa01,mlb,G_p,2018,30,4.0
somsela01,mlb,G_p,2016,27,1.0
sotogi01,mlb,G_p,2015,24,1.0
stanlco01,mlb,G_c,2015,27,1.0
stassbr01,mlb,G_if,2017,28,1.0
stephja01,mlb,G_p,2018,24,2.0
stephja01,mlb,G_p,2018,24,2.0
stitema01,mlb,G_p,2015,25,2.0
stitema01,mlb,G_p,2015,25,2.0
stouter01,mlb,G_p,2018,25,1.0
straury01,mlb,G_of,2015,27,1.0
sturdty01,mlb,G_p,2016,31,1.0
suareal01,mlb,G_p,2017,28,2.0
suareal01,mlb,G_p,2017,28,2.0
sweenda02,mlb,G_of,2018,27,3.0
sweenda02,mlb,G_of,2018,27,3.0
szczuma01,mlb,G_of,2018,29,4.0
szczuma01,mlb,G_of,2018,29,4.0
szczuma01,mlb,G_of,2018,29,4.0
szczuma01,mlb,G_of,2018,29,4.0
szczuma01,mlb,G_of,2018,29,4.0
szczuma01,mlb,G_of,2018,29,4.0
taijetr01,mlb,G_of,2017,28,1.0
tartatr01,mlb,G_c,2015,28,1.0
taveros01,mlb,G_of,2014,22,1.0
taylobe03,mlb,G_p,2018,26,2.0
taylobe03,mlb,G_p,2018,26,2.0
telisto01,mlb,G_c,2018,27,4.0
telisto01,mlb,G_c,2018,27,4.0
telisto01,mlb,G_c,2018,27,4.0
telisto01,mlb,G_c,2018,27,4.0
telisto01,mlb,G_if,2018,27,4.0
telisto01,mlb,G_c,2018,27,4.0
therrje01,mlb,G_p,2017,24,1.0
thomaia01,mlb,G_p,2015,28,2.0
thomaia01,mlb,G_p,2015,28,2.0
thomaia01,mlb,G_p,2015,28,2.0
thompja03,mlb,G_p,2018,24,2.0
thompja03,mlb,G_p,2018,24,2.0
thompja03,mlb,G_p,2018,24,2.0
thompta01,mlb,G_p,2014,27,1.0
thomptr01,mlb,G_of,2018,27,3.0
thomptr01,mlb,G_of,2018,27,3.0
thomptr01,mlb,G_of,2018,27,3.0
thomptr01,mlb,G_of,2018,27,3.0
thomptr01,mlb,G_of,2018,27,3.0
toccica01,mlb,G_of,2018,23,1.0
tolesan01,mlb,G_of,2018,26,3.0
tolesan01,mlb,G_of,2018,26,3.0
tolesan01,mlb,G_of,2018,26,3.0
tollias01,mlb,G_p,2017,29,2.0
tollias01,mlb,G_p,2017,29,2.0
tomlike01,mlb,G_if,2018,28,4.0
tomlike01,mlb,G_if,2018,28,4.0
tomlike01,mlb,G_if,2018,28,4.0
tomlike01,mlb,G_if,2018,28,4.0
torrejo02,mlb,G_p,2017,24,2.0
torrejo02,mlb,G_p,2017,24,2.0
torrera01,mlb,G_if,2018,25,2.0
torrera01,mlb,G_if,2018,25,2.0
tracyma01,mlb,G_p,2015,27,0.0
trahabl01,mlb,G_if,2018,25,1.0
travide01,mlb,G_if,2018,27,4.0
travide01,mlb,G_if,2018,27,4.0
travide01,mlb,G_if,2018,27,4.0
travide01,mlb,G_if,2018,27,4.0
tsengje01,mlb,G_p,2018,24,1.0
tsengje01,mlb,G_p,2018,24,1.0
tuckepr01,mlb,G_of,2018,28,4.0
tuckepr01,mlb,G_of,2018,28,4.0
tuckepr01,mlb,G_of,2018,28,4.0
tuckepr01,mlb,G_of,2018,28,4.0
turnest01,mlb,G_c,2017,26,1.0
valdejo03,mlb,G_p,2018,28,3.0
valdejo03,mlb,G_p,2018,28,3.0
valdejo03,mlb,G_p,2018,28,3.0
valdejo03,mlb,G_p,2018,28,3.0
valdejo03,mlb,G_p,2018,28,3.0
valenje01,mlb,G_if,2018,24,1.0
vargace01,mlb,G_p,2016,25,1.0
vargake01,mlb,G_if,2017,27,4.0
vargake01,mlb,G_if,2017,27,4.0
vargake01,mlb,G_if,2017,27,4.0
vargake01,mlb,G_if,2017,27,4.0
vastoje01,mlb,G_p,2018,26,1.0
vastoje01,mlb,G_p,2018,26,1.0
verrelo01,mlb,G_p,2017,27,3.0
verrelo01,mlb,G_p,2017,27,3.0
verrelo01,mlb,G_p,2017,27,3.0
verrelo01,mlb,G_p,2017,27,3.0
vielmen01,mlb,G_if,2018,24,1.0
villach01,mlb,G_if,2018,27,1.0
villach01,mlb,G_if,2018,27,1.0
vinceza01,mlb,G_if,2018,27,1.0
vinceza01,mlb,G_if,2018,27,1.0
wadats01,mlb,G_p,2015,34,2.0
wadats01,mlb,G_p,2015,34,2.0
wagnety01,mlb,G_p,2016,25,1.0
wagnety01,mlb,G_p,2016,25,1.0
waldrky02,mlb,G_p,2016,25,2.0
waldrky02,mlb,G_of,2016,25,2.0
walshco02,mlb,G_if,2016,27,1.0
washida01,mlb,G_of,2017,27,1.0
weissza01,mlb,G_p,2018,26,0.0
westma03,mlb,G_p,2015,27,1.0
westma03,mlb,G_p,2015,27,1.0
whalero01,mlb,G_p,2018,24,2.0
whalero01,mlb,G_p,2018,24,2.0
whalero01,mlb,G_p,2018,24,2.0
wheelja01,mlb,G_p,2017,27,1.0
wheelze01,mlb,G_if,2014,27,1.0
whitlch01,mlb,G_p,2018,29,4.0
whitlch01,mlb,G_p,2018,29,4.0
whitlch01,mlb,G_p,2018,29,4.0
whitlch01,mlb,G_p,2018,29,4.0
whitlch01,mlb,G_p,2018,29,4.0
wilkian01,mlb,G_if,2016,28,2.0
wilkian01,mlb,G_if,2016,28,2.0
willija01,mlb,G_c,2015,29,2.0
willija01,mlb,G_c,2015,29,2.0
wilsoty01,mlb,G_p,2017,28,3.0
wilsoty01,mlb,G_p,2017,28,3.0
wilsoty01,mlb,G_p,2017,28,3.0
wimmeal01,mlb,G_p,2017,29,1.0
wimmeal01,mlb,G_p,2017,29,1.0
wrighda04,mlb,G_p,2017,26,2.0
wrighda04,mlb,G_p,2017,26,2.0
wrighda04,mlb,G_p,2017,26,2.0
ynoami01,mlb,G_p,2017,26,2.0
ynoami01,mlb,G_p,2017,26,2.0
ynoara01,mlb,G_if,2016,29,2.0
ynoara01,mlb,G_if,2016,29,2.0
ynoara01,mlb,G_of,2016,29,2.0
youngma03,mlb,G_p,2016,26,1.0
zastrro01,mlb,G_p,2018,26,2.0
zastrro01,mlb,G_p,2018,26,2.0
zastrro01,mlb,G_p,2018,26,2.0
zychto01,mlb,G_p,2017,27,2.0
zychto01,mlb,G_p,2017,27,2.0
zychto01,mlb,G_p,2017,27,2.0
