player_ID,sport,position,start_year,start_age,years_played
Alaa Abdelnaby,NBA,0,1991,23,5
Zaid Abdul-Aziz,NBA,0,1969,23,10
Kareem Abdul-Jabbar,NBA,1,1970,23,20
Mahmoud Abdul-Rauf,NBA,2,1991,22,11
Tariq Abdul-Wahad,NBA,3,1998,24,6
Shareef Abdur-Rahim,NBA,3,1997,21,12
Tom Abernethy,NBA,3,1977,23,5
Forest Able,NBA,2,1957,25,1
John Abramovic,NBA,3,1947,28,2
Alex Abrines,NBA,0,2017,24,2
Alex Acker,NBA,2,2006,23,4
Don Ackerman,NBA,2,1954,24,1
Mark Acres,NBA,0,1988,26,6
Bud Acton,NBA,3,1968,26,1
Quincy Acy,NBA,3,2013,23,6
Alvan Adams,NBA,0,1976,22,13
Don Adams,NBA,3,1971,24,7
George Adams,NBA,0,1973,24,3
Hassan Adams,NBA,2,2007,23,3
Jordan Adams,NBA,2,2015,21,2
Michael Adams,NBA,2,1986,23,11
Steven Adams,NBA,1,2014,21,5
Rafael Addison,NBA,0,1987,23,11
Bam Adebayo,NBA,0,2018,21,1
Rick Adelman,NBA,2,1969,23,7
Jeff Adrien,NBA,3,2011,25,5
Arron Afflalo,NBA,2,2008,23,11
Maurice Ager,NBA,2,2007,23,5
Mark Aguirre,NBA,0,1982,23,13
Blake Ahearn,NBA,2,2008,24,5
Danny Ainge,NBA,2,1982,23,14
Matthew Aitch,NBA,3,1968,24,1
Alexis Ajinca,NBA,1,2009,21,9
Henry Akin,NBA,0,1967,23,3
Josh Akognon,NBA,2,2013,27,1
Solomon Alabi,NBA,1,2011,23,2
Mark Alarie,NBA,3,1987,24,5
Gary Alcorn,NBA,1,1960,24,2
Furkan Aldemir,NBA,0,2015,24,1
Cole Aldrich,NBA,1,2011,23,8
LaMarcus Aldridge,NBA,0,2007,22,12
Chuck Aleksinas,NBA,1,1985,26,1
Cliff Alexander,NBA,3,2016,21,1
Cory Alexander,NBA,2,1996,23,10
Courtney Alexander,NBA,2,2001,24,3
Gary Alexander,NBA,3,1994,25,1
Joe Alexander,NBA,3,2009,23,2
Victor Alexander,NBA,0,1992,23,11
Steve Alford,NBA,2,1988,24,4
Jarrett Allen,NBA,0,2018,45,1
Kadeem Allen,NBA,2,2018,29,1
Malik Allen,NBA,0,2002,37,10
Ray Allen,NBA,2,1997,15,18
Willie Allen,NBA,3,1972,23,1
Lance Allred,NBA,1,2008,50,1
Morris Almond,NBA,2,2008,36,5
Derrick Alston,NBA,3,1995,19,3
Rafer Alston,NBA,2,2000,27,11
Peter Aluma,NBA,1,1999,29,1
John Amaechi,NBA,0,1996,25,8
Al-Farouq Aminu,NBA,3,2011,29,8
Chris Andersen,NBA,0,2002,22,16
David Andersen,NBA,1,2010,28,2
Cliff Anderson,NBA,0,1968,25,4
Derek Anderson,NBA,2,1998,38,11
Eric Anderson,NBA,3,1993,29,2
Greg Anderson,NBA,0,1988,28,11
Justin Anderson,NBA,2,2016,46,3
Kenny Anderson,NBA,2,1992,37,14
Kyle Anderson,NBA,0,2015,49,4
Michael Anderson,NBA,2,1989,21,1
Nick Anderson,NBA,0,1990,30,13
Richard Anderson,NBA,0,1983,25,8
Ryan Anderson,NBA,3,2009,36,10
Shandon Anderson,NBA,0,1997,30,10
Willie Anderson,NBA,0,1989,43,9
Ike Anigbogu,NBA,0,2018,51,1
Giannis Antetokounmpo,NBA,0,2014,22,5
Thanasis Antetokounmpo,NBA,3,2016,32,1
Carmelo Anthony,NBA,3,2004,37,15
Greg Anthony,NBA,2,1992,10,11
Joel Anthony,NBA,1,2008,26,10
OG Anunoby,NBA,3,2018,26,1
Keith Appling,NBA,2,2016,36,1
Robert Archibald,NBA,3,2003,55,2
Gilbert Arenas,NBA,2,2002,17,11
Joe Arlauckas,NBA,3,1988,21,1
Darrell Armstrong,NBA,2,1995,11,14
Hilton Armstrong,NBA,0,2007,52,8
Tate Armstrong,NBA,2,1978,45,2
Jay Arnette,NBA,2,1964,17,3
Carlos Arroyo,NBA,2,2002,14,10
Jamel Artis,NBA,0,2018,32,1
Omer Asik,NBA,1,2011,45,8
Vincent Askew,NBA,0,1988,21,11
Don Asmonga,NBA,2,1954,23,1
Al Attles,NBA,2,1961,45,11
Stacey Augmon,NBA,0,1992,5,15
D.J. Augustin,NBA,2,2009,25,10
James Augustine,NBA,3,2007,38,2
Isaac Austin,NBA,1,1992,48,11
Anthony Avent,NBA,3,1993,41,8
William Avery,NBA,2,2000,52,3
Gustavo Ayon,NBA,1,2012,25,3
Jeff Ayres,NBA,3,2010,27,7
Kelenna Azubuike,NBA,2,2007,17,6
Chris Babb,NBA,2,2014,25,1
Luke Babbitt,NBA,3,2011,43,8
Henry Bacon,NBA,2,1973,46,1
Dalibor Bagaric,NBA,1,2001,41,3
John Bagley,NBA,2,1983,25,12
Carl Bailey,NBA,1,1982,31,1
Gus Bailey,NBA,0,1975,18,6
James Bailey,NBA,0,1980,19,9
Thurl Bailey,NBA,0,1984,9,16
LaMark Baker,NBA,2,1999,20,1
Ron Baker,NBA,2,2017,46,2
Wade Baldwin,NBA,2,2017,33,1
Renaldo Balkman,NBA,3,2007,39,6
Ken Bannister,NBA,0,1985,34,7
Mike Bantom,NBA,0,1974,47,9
Leandro Barbosa,NBA,2,2004,36,14
J.J. Barea,NBA,2,2007,22,12
Charles Barkley,NBA,3,1985,7,16
Harry Barnes,NBA,3,1969,28,1
Jim Barnes,NBA,0,1965,13,7
Dick Barnett,NBA,0,1960,16,15
Jim Barnett,NBA,0,1967,14,11
Nathaniel Barnett,NBA,2,1976,38,1
John Barnhill,NBA,2,1963,10,10
Norton Barnhill,NBA,2,1977,53,1
Leo Barnhorst,NBA,0,1950,32,5
Mike Barr,NBA,2,1973,29,5
Earl Barron,NBA,1,2006,39,10
Dana Barros,NBA,2,1990,19,15
Brent Barry,NBA,2,1996,23,14
Drew Barry,NBA,2,1998,29,3
Rick Barry,NBA,3,1966,41,15
Will Barton,NBA,2,2013,30,6
Eddie Basden,NBA,2,2006,55,1
Maceo Baston,NBA,3,2003,28,7
Mengke Bateer,NBA,1,2002,46,3
Esteban Batista,NBA,0,2006,29,2
Mike Batiste,NBA,3,2003,27,1
Tony Battie,NBA,0,1998,20,15
Shane Battier,NBA,3,2002,40,13
John Battle,NBA,2,1986,22,10
Kenny Battle,NBA,3,1990,34,4
Dave Batton,NBA,1,1983,32,2
Johnny Baum,NBA,3,1970,52,5
Elgin Baylor,NBA,3,1959,17,14
Aron Baynes,NBA,1,2013,48,6
Al Beard,NBA,1,1968,21,1
Butch Beard,NBA,2,1970,43,10
Malik Beasley,NBA,2,2017,28,2
Ernie Beck,NBA,0,1954,12,8
Arthur Becker,NBA,3,1968,51,6
Ron Behagen,NBA,0,1974,45,7
Marco Belinelli,NBA,0,2008,29,11
Jordan Bell,NBA,3,2018,42,1
Raja Bell,NBA,2,2001,21,12
Whitey Bell,NBA,2,1960,21,2
Dragan Bender,NBA,3,2017,36,2
Jonathan Bender,NBA,3,2000,9,11
Jerrelle Benimon,NBA,3,2015,51,1
Benoit Benjamin,NBA,1,1986,8,15
Anthony Bennett,NBA,3,2014,44,4
Elmer Bennett,NBA,2,1995,22,3
Mario Bennett,NBA,3,1996,41,5
Mel Bennett,NBA,3,1976,33,7
Tony Bennett,NBA,2,1993,28,3
Winston Bennett,NBA,3,1990,22,3
Keith Benson,NBA,1,2012,58,1
Ricky Berry,NBA,3,1989,25,1
Patrick Beverley,NBA,2,2013,21,6
Wesley Bialosuknia,NBA,2,1968,36,1
Al Bianchi,NBA,2,1957,35,10
Lionel Billingy,NBA,0,1975,32,1
Chauncey Billups,NBA,2,1998,37,17
Bismack Biyombo,NBA,0,2012,50,7
Uwe Blab,NBA,1,1986,29,5
Norman Black,NBA,2,1981,40,1
Tarik Black,NBA,0,2015,56,4
Rolando Blackman,NBA,2,1982,19,13
Alex Blackwell,NBA,3,1993,25,1
Cory Blackwell,NBA,3,1985,20,1
DeJuan Blair,NBA,0,2010,14,7
Steve Blake,NBA,2,2004,21,13
Will Blalock,NBA,2,2007,41,1
Ricky Blanton,NBA,3,1993,26,1
Andray Blatche,NBA,3,2006,17,9
Leon Blevins,NBA,2,1951,36,1
Mark Blount,NBA,1,2001,43,9
Nelson Bobb,NBA,2,1950,17,4
Keith Bogans,NBA,0,2004,15,11
Bogdan Bogdanovic,NBA,2,2018,53,1
Bojan Bogdanovic,NBA,0,2015,31,4
Muggsy Bogues,NBA,2,1988,15,14
Andrew Bogut,NBA,1,2006,44,13
Bill Bolger,NBA,3,1954,23,1
Walter Bond,NBA,2,1993,51,3
Dexter Boney,NBA,2,1997,29,1
Anthony Bonner,NBA,3,1991,46,6
Matt Bonner,NBA,3,2005,9,12
Devin Booker,NBA,2,2016,29,3
Josh Boone,NBA,0,2007,31,4
Curtis Borchardt,NBA,1,2004,32,2
Jake Bornheimer,NBA,0,1949,25,2
Jim Bostic,NBA,3,1978,25,1
Tom Boswell,NBA,0,1976,51,9
Ruben Boumtje-Boumtje,NBA,1,2002,25,3
Cal Bowdler,NBA,3,2000,25,3
Ryan Bowen,NBA,3,2000,37,11
Anthony Bowie,NBA,0,1989,50,10
Sam Bowie,NBA,0,1985,12,11
Orbie Bowling,NBA,1,1968,25,1
Ira Bowman,NBA,2,2000,27,3
Donnie Boyce,NBA,2,1996,46,2
Dennis Boyd,NBA,2,1979,27,1
Ken Boyd,NBA,3,1975,53,1
Earl Boykins,NBA,2,1999,42,14
Winford Boynes,NBA,0,1979,29,3
Cedric Bozeman,NBA,2,2007,20,1
Steve Bracey,NBA,2,1973,31,3
Craig Brackins,NBA,3,2011,52,2
Alonzo Bradley,NBA,3,1978,37,3
Bill Bradley,NBA,0,1968,11,10
Charles Bradley,NBA,2,1982,30,3
Shawn Bradley,NBA,1,1994,26,12
Tony Bradley,NBA,0,2018,48,1
Mark Bradtke,NBA,0,1997,21,1
Marques Bragg,NBA,3,1996,19,1
Torraye Braggs,NBA,3,2004,41,2
A.J. Bramlett,NBA,1,2000,21,1
Adrian Branch,NBA,0,1987,17,4
Terrell Brandon,NBA,2,1992,34,11
Brad Branson,NBA,0,1982,51,2
Jim Brasco,NBA,2,1953,26,1
Jamison Brewer,NBA,2,2002,47,4
Primoz Brezec,NBA,1,2002,43,9
Frank Brickowski,NBA,0,1985,46,13
Bill Bridges,NBA,0,1963,40,13
John Brisker,NBA,0,1970,26,6
Allan Bristow,NBA,0,1974,22,10
Wayman Britt,NBA,2,1978,20,1
Dave Britton,NBA,2,1981,23,1
Jon Brockman,NBA,3,2010,18,3
Jim Brogan,NBA,2,1982,28,2
Aaron Brooks,NBA,2,2008,19,11
Kevin Brooks,NBA,3,1992,27,3
MarShon Brooks,NBA,0,2012,31,3
Andre Brown,NBA,3,2007,23,3
Anthony Brown,NBA,0,2016,48,2
Chucky Brown,NBA,3,1990,22,13
Damone Brown,NBA,3,2002,18,4
Dee Brown,NBA,2,1991,13,12
Dee Brown,NBA,2,2007,28,3
Ernest Brown,NBA,1,2002,27,1
Jabari Brown,NBA,2,2015,34,1
Jaylen Brown,NBA,0,2017,35,2
John Brown,NBA,3,1974,34,7
Kwame Brown,NBA,3,2002,47,12
Lorenzo Brown,NBA,2,2014,51,5
Marcus Brown,NBA,2,1997,28,4
Markel Brown,NBA,2,2015,46,2
Mike Brown,NBA,0,1987,19,11
Myron Brown,NBA,2,1992,27,1
P.J. Brown,NBA,0,1994,36,15
Raymond Brown,NBA,3,1990,40,1
Roger Brown,NBA,0,1968,39,8
Shannon Brown,NBA,2,2007,28,9
Tierre Brown,NBA,2,2002,35,4
Tony Brown,NBA,0,1985,40,8
George Bruns,NBA,2,1973,35,1
Rick Brunson,NBA,2,1998,44,9
Nicolas Brussino,NBA,0,2017,39,2
Kobe Bryant,NBA,0,1997,38,20
Mark Bryant,NBA,0,1989,25,15
Wallace Bryant,NBA,1,1984,47,3
Torgeir Bryn,NBA,1,1990,24,1
George Bucci,NBA,2,1976,38,1
Steve Bucknall,NBA,2,1990,36,1
Cleveland Buckner,NBA,0,1962,24,2
Greg Buckner,NBA,2,2000,12,10
Chase Budinger,NBA,3,2010,33,7
Matt Bullard,NBA,3,1991,35,12
Larry Bunce,NBA,1,1968,26,2
Greg Bunch,NBA,3,1979,32,1
Ticky Burden,NBA,2,1976,18,3
Trey Burke,NBA,2,2014,34,4
Kevin Burleson,NBA,2,2006,48,1
Junior Burrough,NBA,3,1996,28,1
Willie Burton,NBA,0,1991,42,9
Steve Burtt,NBA,2,1985,49,9
Don Buse,NBA,2,1973,35,13
Caron Butler,NBA,3,2003,14,14
Greg Butler,NBA,1,1989,43,3
Jackie Butler,NBA,0,2005,35,3
Jimmy Butler,NBA,0,2012,33,7
Mitchell Butler,NBA,0,1994,10,11
Rasual Butler,NBA,0,2003,16,14
Dwight Buycks,NBA,2,2014,31,2
Derrick Byars,NBA,3,2012,56,1
Marty Byrnes,NBA,3,1979,44,5
Zarko Cabarkapa,NBA,3,2004,42,3
Barney Cable,NBA,3,1959,34,6
Bruno Caboclo,NBA,3,2015,26,4
Jason Caffey,NBA,3,1996,15,8
Michael Cage,NBA,0,1985,19,16
Jose Calderon,NBA,2,2006,13,13
Jim Caldwell,NBA,1,1968,18,2
Corky Calhoun,NBA,3,1973,49,8
Demetrius Calip,NBA,2,1992,45,1
Mack Calvin,NBA,2,1970,8,12
Brian Cardinal,NBA,3,2001,42,12
Rick Carlisle,NBA,2,1985,53,6
Al Carlson,NBA,1,1976,59,1
Rodney Carney,NBA,3,2007,33,5
Antoine Carr,NBA,0,1985,30,16
Austin Carr,NBA,2,1972,21,10
Cory Carr,NBA,2,1999,46,1
M.L. Carr,NBA,0,1976,18,10
DeMarre Carroll,NBA,3,2010,35,9
Joe Barry Carroll,NBA,0,1981,23,11
Jimmy Carruth,NBA,0,1997,53,1
Anthony Carter,NBA,2,2000,39,13
George Carter,NBA,0,1968,11,9
Howard Carter,NBA,2,1984,28,2
Reggie Carter,NBA,2,1981,24,2
Ron Carter,NBA,2,1979,38,2
Vince Carter,NBA,0,1999,5,20
Bill Cartwright,NBA,1,1980,30,16
Alex Caruso,NBA,2,2018,30,1
Cornelius Cash,NBA,3,1977,26,1
Omri Casspi,NBA,3,2010,36,9
Harvey Catchings,NBA,0,1975,17,11
Bobby Cattage,NBA,3,1982,23,5
Willie Cauley-Stein,NBA,0,2016,47,3
Duane Causwell,NBA,1,1991,14,11
John Celestand,NBA,2,2000,51,1
Mario Chalmers,NBA,2,2009,50,10
Tom Chambers,NBA,0,1982,36,17
Tyson Chandler,NBA,1,2002,35,17
Don Chaney,NBA,2,1969,28,12
Rex Chapman,NBA,2,1989,26,12
Ken Charles,NBA,2,1974,24,5
Calbert Cheaney,NBA,0,1994,27,13
Maurice Cheeks,NBA,2,1979,11,15
Will Cherry,NBA,2,2015,43,1
Derrick Chievous,NBA,3,1989,22,3
Leroy Chollet,NBA,3,1950,23,2
Jim Chones,NBA,0,1973,27,10
Marquese Chriss,NBA,3,2017,47,2
Doug Christie,NBA,0,1993,5,15
Rakeem Christmas,NBA,3,2016,44,2
Patrick Christopher,NBA,0,2015,55,1
Carlos Clark,NBA,2,1984,40,2
Earl Clark,NBA,3,2010,18,6
Ian Clark,NBA,2,2014,22,5
Jordan Clarkson,NBA,2,2015,45,4
Gian Clavell,NBA,2,2018,40,1
Charles Claxton,NBA,1,1996,53,1
Jim Cleamons,NBA,2,1972,50,9
Nat Clifton,NBA,0,1951,34,8
Keith Closs,NBA,1,1998,33,3
Richard Coffey,NBA,3,1991,30,1
Fred Cofield,NBA,2,1986,19,2
John Coker,NBA,1,1996,46,6
Ben Coleman,NBA,3,1987,26,8
Derrick Coleman,NBA,3,1991,23,15
Norris Coleman,NBA,3,1988,30,1
Bimbo Coles,NBA,2,1991,40,14
Jason Collier,NBA,1,2001,28,5
Doug Collins,NBA,0,1974,28,8
Jarron Collins,NBA,0,2002,18,10
Jason Collins,NBA,1,2002,15,13
John Collins,NBA,3,2018,27,1
Mardy Collins,NBA,2,2007,20,4
Sherron Collins,NBA,2,2011,31,1
Kyle Collinsworth,NBA,0,2018,43,1
Darren Collison,NBA,2,2010,48,9
Sean Colson,NBA,2,2001,58,1
Steve Colter,NBA,2,1985,21,11
Glen Combs,NBA,2,1969,30,7
Leroy Combs,NBA,3,1984,41,1
John Comeaux,NBA,3,1968,38,1
Dallas Comegys,NBA,3,1988,44,2
Jeffrey Congdon,NBA,2,1968,35,5
Pat Connaughton,NBA,2,2016,34,3
Chuck Connors,NBA,0,1947,24,2
Will Conroy,NBA,2,2007,27,7
Brian Cook,NBA,3,2004,49,9
Daequan Cook,NBA,2,2008,26,6
Omar Cook,NBA,2,2004,56,2
Quinn Cook,NBA,2,2017,26,2
Duane Cooper,NBA,2,1993,29,2
Michael Cooper,NBA,0,1979,24,12
Wayne Cooper,NBA,0,1979,14,14
Tom Copa,NBA,1,1992,30,1
Chris Copeland,NBA,3,2013,45,4
Hollis Copeland,NBA,3,1980,52,3
Lanard Copeland,NBA,2,1990,34,3
Ray Corley,NBA,2,1950,26,4
Mel Counts,NBA,0,1965,37,12
Joe Courtney,NBA,3,1993,45,5
Marcus Cousin,NBA,1,2011,56,1
Robert Covington,NBA,3,2014,22,5
Johnny Cox,NBA,2,1963,22,1
Allen Crabbe,NBA,0,2014,28,5
Torrey Craig,NBA,0,2018,30,1
Chris Crawford,NBA,3,1998,48,7
Joe Crawford,NBA,3,2009,30,1
Jim Creighton,NBA,3,1976,30,1
Ron Crevier,NBA,1,1986,21,1
Charlie Criss,NBA,2,1978,32,8
Winston Crite,NBA,3,1988,31,2
Javaris Crittenton,NBA,2,2008,33,2
Bobby Croft,NBA,1,1971,23,1
Geoff Crompton,NBA,1,1979,18,6
Terry Crosby,NBA,2,1980,57,1
Austin Croshere,NBA,3,1998,29,12
Jeff Cross,NBA,3,1986,46,1
Pete Cross,NBA,0,1971,17,3
John Crotty,NBA,2,1993,47,11
Corey Crowder,NBA,0,1992,16,4
Pat Cummings,NBA,0,1980,34,12
Vonteego Cummings,NBA,2,2000,26,3
Jared Cunningham,NBA,2,2013,41,4
Radisav Curcic,NBA,1,1993,29,1
Bill Curley,NBA,3,1995,27,7
Eddy Curry,NBA,1,2002,32,12
JamesOn Curry,NBA,2,2010,59,1
Stephen Curry,NBA,2,2010,49,9
Mike D'Antoni,NBA,2,1974,52,4
Quintin Dailey,NBA,2,1983,36,10
Samuel Dalembert,NBA,1,2002,27,14
Erick Dampier,NBA,1,1997,30,16
Bob Dandridge,NBA,0,1970,26,13
Antonio Daniels,NBA,2,1998,7,14
Erik Daniels,NBA,3,2005,35,1
Lloyd Daniels,NBA,2,1993,37,6
Mel Daniels,NBA,1,1968,46,10
Sasha Danilovic,NBA,2,1996,24,2
Adrian Dantley,NBA,0,1977,26,15
Yinka Dare,NBA,1,1995,30,4
Jimmy Darrow,NBA,2,1962,42,1
Luigi Datome,NBA,3,2014,23,2
Jermareo Davidson,NBA,3,2008,29,2
Antonio Davis,NBA,0,1994,39,13
Baron Davis,NBA,2,2000,42,13
Ben Davis,NBA,3,1997,48,4
Brad Davis,NBA,2,1978,29,15
Charles Davis,NBA,3,1982,14,9
Dale Davis,NBA,0,1992,36,16
Deyonta Davis,NBA,0,2017,47,2
Dwight Davis,NBA,3,1973,32,5
Emanual Davis,NBA,2,1997,17,7
Hubert Davis,NBA,2,1993,20,12
Jim Davis,NBA,0,1968,18,8
Johnny Davis,NBA,2,1977,27,10
Lee Davis,NBA,0,1969,13,8
Mark Davis,NBA,0,1989,31,1
Mel Davis,NBA,3,1974,36,4
Mickey Davis,NBA,0,1972,40,6
Mike Davis,NBA,3,1983,29,1
Terry Davis,NBA,0,1990,33,12
Walter Davis,NBA,0,1978,21,15
Darryl Dawkins,NBA,1,1976,9,14
Johnny Dawkins,NBA,2,1987,17,9
Branden Dawson,NBA,3,2016,56,1
Eric Dawson,NBA,3,2012,25,1
Tony Dawson,NBA,3,1991,45,5
Austin Daye,NBA,3,2010,37,6
Greg Deane,NBA,2,1980,44,1
Dave DeBusschere,NBA,0,1963,39,12
Dewayne Dedmon,NBA,1,2014,20,5
Terry Dehere,NBA,2,1994,25,6
Bryce Dejean-Jones,NBA,2,2016,42,1
Sam Dekker,NBA,3,2016,26,3
Malcolm Delaney,NBA,2,2017,51,2
Bison Dele,NBA,0,1992,35,8
Carlos Delfino,NBA,2,2005,35,9
Matthew Dellavedova,NBA,2,2014,29,5
Fennis Dembo,NBA,3,1989,59,1
Dell Demps,NBA,2,1994,45,4
Randy Denton,NBA,1,1972,50,6
DeMar DeRozan,NBA,0,2010,28,9
Derrick Dial,NBA,2,2000,22,5
Boris Diaw,NBA,0,2004,29,14
Yakhouba Diawara,NBA,0,2007,56,4
Guillermo Diaz,NBA,2,2008,57,1
Clyde Dickey,NBA,2,1975,39,1
Derrek Dickey,NBA,3,1974,26,5
John Dickson,NBA,1,1968,24,1
Connie Dierking,NBA,0,1959,42,13
Coby Dietrick,NBA,0,1971,47,13
Dwaine Dillard,NBA,3,1976,33,1
Byron Dinkins,NBA,2,1990,50,2
Jackie Dinkins,NBA,3,1972,43,1
Spencer Dinwiddie,NBA,2,2015,48,4
DeSagana Diop,NBA,1,2002,25,12
Terry Dischinger,NBA,0,1963,36,11
Fred Diute,NBA,2,1955,36,1
Vlade Divac,NBA,1,1990,33,16
Aleksandar Djordjevic,NBA,2,1997,32,1
Earl Dodd,NBA,3,1950,24,1
Michael Doleac,NBA,1,1999,19,10
James Donaldson,NBA,1,1981,33,15
Keyon Dooling,NBA,2,2001,37,13
Jacky Dorsey,NBA,3,1978,22,4
Tyler Dorsey,NBA,2,2018,32,1
Damyean Dotson,NBA,2,2018,31,1
Bruce Douglas,NBA,2,1987,38,1
Sherman Douglas,NBA,2,1990,40,12
Chris Douglas-Roberts,NBA,2,2009,43,7
Zabian Dowdell,NBA,2,2011,49,1
Steve Downing,NBA,1,1974,20,2
Goran Dragic,NBA,2,2009,47,10
Zoran Dragic,NBA,0,2015,42,1
Greg Dreiling,NBA,1,1987,40,11
Bryce Drew,NBA,2,1999,24,6
John Drew,NBA,0,1975,21,11
Clyde Drexler,NBA,2,1984,20,15
Nate Driggers,NBA,2,1997,47,1
Predrag Drobnjak,NBA,1,2002,17,4
Ralph Drollinger,NBA,1,1981,25,1
Jared Dudley,NBA,0,2008,45,11
Bob Duffy,NBA,2,1963,41,3
Chris Duhon,NBA,2,2005,29,9
Richard Dumas,NBA,3,1993,38,4
Tim Duncan,NBA,0,1998,40,19
Mike Dunleavy,NBA,2,1977,28,14
Mike Dunleavy,NBA,0,2003,36,15
Kris Dunn,NBA,2,2017,57,2
T.R. Dunn,NBA,0,1978,26,14
Kevin Durant,NBA,0,2008,49,11
John Duren,NBA,2,1981,51,3
Pat Durham,NBA,3,1993,27,3
Devin Durrant,NBA,3,1985,39,2
Dennis DuVal,NBA,2,1975,48,2
Craig Dykema,NBA,3,1982,39,1
Jerome Dyson,NBA,2,2012,53,1
Jim Eakins,NBA,1,1969,34,10
Acie Earl,NBA,0,1994,42,4
Mark Eaton,NBA,1,1983,16,11
Devin Ebanks,NBA,3,2011,49,3
Al Eberhard,NBA,3,1975,34,4
Ndudi Ebi,NBA,3,2004,44,2
Jarell Eddie,NBA,0,2016,45,2
Patrick Eddie,NBA,1,1992,27,1
Tyus Edney,NBA,2,1996,15,6
Bill Edwards,NBA,3,1994,29,1
James Edwards,NBA,0,1978,17,19
Jay Edwards,NBA,2,1990,57,1
John Edwards,NBA,1,2005,33,2
Kevin Edwards,NBA,2,1989,14,13
Shane Edwards,NBA,3,2014,35,1
Johnny Egan,NBA,2,1962,44,11
Bulbs Ehlers,NBA,0,1948,26,2
Howard Eisley,NBA,2,1995,40,12
Obinna Ekezie,NBA,0,2000,32,6
Khalid El-Amin,NBA,2,2001,47,1
Mario Elie,NBA,0,1991,31,11
Wayne Ellington,NBA,2,2010,40,9
Dale Ellis,NBA,0,1984,32,17
Harold Ellis,NBA,2,1994,18,5
Joe Ellis,NBA,0,1967,15,8
LaPhonso Ellis,NBA,3,1993,15,11
Leroy Ellis,NBA,0,1963,26,14
Monta Ellis,NBA,2,2006,24,12
Len Elmore,NBA,0,1975,16,10
Francisco Elson,NBA,1,2004,38,9
Andre Emmett,NBA,3,2005,17,8
Alex English,NBA,3,1977,21,15
Scott English,NBA,3,1973,23,3
Tyler Ennis,NBA,2,2015,46,4
Ray Epps,NBA,3,1979,32,1
Keith Erickson,NBA,0,1966,11,12
Vincenzo Esposito,NBA,2,1996,41,1
Jawun Evans,NBA,2,2018,34,1
Jeremy Evans,NBA,3,2011,16,6
Maurice Evans,NBA,2,2002,13,11
Patrick Ewing,NBA,3,2011,22,1
Christian Eyenga,NBA,3,2011,25,2
Festus Ezeli,NBA,1,2013,32,4
Phil Farbman,NBA,3,1949,28,1
Kenneth Faried,NBA,3,2012,24,7
Jordan Farmar,NBA,2,2007,22,11
Tony Farmer,NBA,3,1998,24,3
Derrick Favors,NBA,0,2011,49,8
George Feigenbaum,NBA,2,1950,21,4
Kay Felder,NBA,2,2017,40,2
Cristiano Felicio,NBA,0,2016,18,3
Carrick Felix,NBA,2,2014,29,1
Noel Felix,NBA,3,2006,53,1
Ray Felix,NBA,1,1954,21,9
Raymond Felton,NBA,2,2006,42,13
Rudy Fernandez,NBA,2,2009,43,4
Rolando Ferreira,NBA,1,1989,27,1
Kyrylo Fesenko,NBA,1,2008,35,5
Bobby Fields,NBA,2,1972,44,1
Landry Fields,NBA,3,2011,42,5
Greg Fillmore,NBA,1,1971,23,2
Hank Finkel,NBA,1,1967,44,9
Matt Fish,NBA,1,1995,41,3
Gerald Fitch,NBA,2,2006,25,1
Al Fleming,NBA,3,1978,25,1
Ed Fleming,NBA,0,1956,17,5
Vern Fleming,NBA,2,1985,10,12
Luis Flores,NBA,2,2005,57,1
Jonny Flynn,NBA,2,2010,25,3
Isaac Fontaine,NBA,2,2002,53,1
Levi Fontaine,NBA,2,1971,19,1
Gary Forbes,NBA,3,2011,29,2
Alphonso Ford,NBA,2,1994,22,2
Alton Ford,NBA,3,2002,19,3
Bob Ford,NBA,3,1973,47,1
Chris Ford,NBA,0,1973,19,10
Sherell Ford,NBA,3,1996,28,1
T.J. Ford,NBA,2,2004,27,9
Bayard Forrest,NBA,1,1978,18,2
Joseph Forte,NBA,2,2002,21,2
Courtney Fortson,NBA,2,2012,20,1
Fred Foster,NBA,3,1969,29,9
Jeff Foster,NBA,0,2000,24,13
Rod Foster,NBA,2,1984,35,3
Antonis Fotsis,NBA,3,2002,59,1
Evan Fournier,NBA,0,2013,44,6
Tremaine Fowlkes,NBA,3,2002,25,4
De'Aaron Fox,NBA,2,2018,53,1
Rick Fox,NBA,0,1992,43,13
Adonal Foyle,NBA,1,1998,8,12
Tellis Frank,NBA,0,1988,24,7
Ronald Franz,NBA,3,1968,24,6
Walt Frazier,NBA,2,1968,18,13
World B. Free,NBA,2,1976,31,13
Gary Freeman,NBA,3,1971,22,1
Rod Freeman,NBA,3,1974,54,1
Frido Frey,NBA,3,1947,26,1
Joe Fulks,NBA,0,1947,25,8
Hiram Fuller,NBA,3,2004,22,1
Tony Fuller,NBA,2,1981,35,1
Markelle Fultz,NBA,2,2018,53,1
Deng Gai,NBA,3,2006,37,1
Elmer Gainer,NBA,0,1948,21,3
David Gaines,NBA,2,1968,31,1
Reece Gaines,NBA,2,2004,39,3
Chad Gallagher,NBA,1,1994,21,1
Danilo Gallinari,NBA,3,2009,28,10
Dave Gambee,NBA,3,1959,36,12
Kevin Gamble,NBA,0,1988,39,10
Francisco Garcia,NBA,0,2006,49,10
Kenneth Gardner,NBA,3,1976,36,1
Thomas Gardner,NBA,2,2008,33,2
Patricio Garino,NBA,0,2017,42,1
Gary Garland,NBA,2,1980,24,1
Winston Garland,NBA,2,1988,22,8
Bill Garner,NBA,1,1968,21,1
Chris Garner,NBA,2,1998,48,4
Bill Garnett,NBA,3,1983,17,4
Kevin Garnett,NBA,0,1996,37,21
Marlon Garnett,NBA,2,1999,25,1
Dean Garrett,NBA,1,1997,47,6
Diante Garrett,NBA,2,2013,28,2
Rowland Garrett,NBA,3,1973,53,5
Tom Garrick,NBA,2,1989,22,4
John Garris,NBA,3,1984,20,1
Marc Gasol,NBA,1,2009,17,10
Pau Gasol,NBA,0,2002,29,17
Chris Gatling,NBA,0,1992,23,11
Rudy Gay,NBA,3,2007,30,12
Ed Gayda,NBA,0,1951,23,1
Michael Gbinije,NBA,2,2017,49,1
Matt Geiger,NBA,1,1993,30,10
George Gervin,NBA,0,1973,33,14
Daniel Gibson,NBA,2,2007,22,7
Jonathan Gibson,NBA,2,2017,52,1
Mike Gibson,NBA,3,1984,20,3
Kendall Gill,NBA,2,1991,14,15
Artis Gilmore,NBA,1,1972,17,17
Walt Gilmore,NBA,3,1971,44,1
Gordan Giricek,NBA,0,2003,25,6
Mickell Gladness,NBA,1,2012,53,1
Gerald Glass,NBA,0,1991,24,6
Mike Glenn,NBA,2,1978,45,10
Normie Glick,NBA,3,1950,37,1
Dion Glover,NBA,2,2000,45,6
Andreas Glyniadakis,NBA,1,2007,44,1
Ben Goldfaden,NBA,3,1947,27,1
Ryan Gomes,NBA,3,2006,23,9
Drew Gooden,NBA,3,2003,41,14
Gail Goodrich,NBA,2,1966,39,14
Eric Gordon,NBA,2,2009,42,10
Lancaster Gordon,NBA,2,1985,41,4
Marcin Gortat,NBA,0,2008,26,11
Andrew Goudelock,NBA,2,2012,47,5
Ricky Grace,NBA,2,1994,34,1
Joey Graham,NBA,3,2006,45,6
Paul Graham,NBA,0,1992,27,3
Stephen Graham,NBA,2,2006,40,6
Treveon Graham,NBA,2,2017,52,2
Jim Grandholm,NBA,0,1991,26,1
Danny Granger,NBA,3,2006,14,10
Stewart Granger,NBA,2,1984,17,4
Brian Grant,NBA,3,1995,21,12
Greg Grant,NBA,2,1990,28,7
Horace Grant,NBA,0,1988,16,17
Jerami Grant,NBA,3,2015,40,4
Jerian Grant,NBA,2,2016,47,3
Josh Grant,NBA,3,1994,49,1
Paul Grant,NBA,1,1999,48,6
Aaron Gray,NBA,1,2008,43,7
Devin Gray,NBA,3,1997,50,4
Ed Gray,NBA,2,1998,35,2
Bob Greacen,NBA,3,1970,37,3
A.C. Green,NBA,0,1986,27,16
Danny Green,NBA,0,2010,46,9
Devin Green,NBA,2,2006,59,1
Draymond Green,NBA,3,2013,43,6
Jeff Green,NBA,3,2008,38,11
Johnny Green,NBA,0,1960,27,14
Ken Green,NBA,3,1986,25,1
Kenny Green,NBA,3,1986,33,2
Litterial Green,NBA,2,1993,37,7
Sean Green,NBA,0,1992,51,3
Sidney Green,NBA,0,1984,48,10
Tommie Green,NBA,2,1979,21,1
Willie Green,NBA,2,2004,43,12
Orien Greene,NBA,2,2006,53,6
Lynn Greer,NBA,2,2007,25,1
Gary Gregor,NBA,0,1969,17,6
Claude Gregory,NBA,3,1986,32,3
Kevin Grevey,NBA,0,1976,48,10
Eddie Griffin,NBA,0,2002,49,6
Greg Griffin,NBA,3,1978,31,1
Paul Griffin,NBA,0,1977,37,7
Darrell Griffith,NBA,2,1981,34,11
Derek Grimm,NBA,3,1998,43,1
Bob Gross,NBA,0,1976,44,8
Dick Grubar,NBA,2,1970,47,1
Gene Guarilia,NBA,3,1960,45,4
Petur Gudmundsson,NBA,1,1982,38,8
Tom Gugliotta,NBA,3,1993,15,13
Andres Guibert,NBA,0,1994,41,2
Al Guokas,NBA,0,1950,19,1
Matt Guokas,NBA,0,1967,20,10
A.J. Guyton,NBA,2,2001,56,3
Rudy Hackett,NBA,3,1976,34,2
Tom Hagan,NBA,2,1970,37,2
Robert Hahn,NBA,1,1950,32,1
Al Hairston,NBA,2,1969,24,2
Lindsay Hairston,NBA,0,1976,31,1
Malik Hairston,NBA,2,2009,25,2
Marcus Haislip,NBA,3,2003,30,8
Swede Halbrook,NBA,1,1961,42,2
Hal Hale,NBA,2,1968,24,1
Jack Haley,NBA,0,1989,41,10
Jeff Halliburton,NBA,2,1972,51,2
Darvin Ham,NBA,3,1997,19,9
Steve Hamer,NBA,1,1997,40,1
Daniel Hamilton,NBA,0,2018,40,1
Jordan Hamilton,NBA,0,2012,43,5
Richard Hamilton,NBA,0,2000,8,14
Roy Hamilton,NBA,2,1980,37,2
Tang Hamilton,NBA,3,2002,29,1
Zendon Hamilton,NBA,0,2001,50,6
Julian Hammond,NBA,3,1968,39,5
A.J. Hammons,NBA,1,2017,30,1
Darrin Hancock,NBA,0,1995,34,3
Ben Handlogten,NBA,1,2004,52,2
Ben Hansbrough,NBA,2,2013,42,1
Tyler Hansbrough,NBA,3,2010,44,7
Lars Hansen,NBA,1,1979,37,1
Reggie Hanson,NBA,3,1998,41,1
Bill Hanzlik,NBA,0,1981,25,10
Maurice Harkless,NBA,0,2013,24,6
Derek Harper,NBA,2,1984,10,16
Mike Harper,NBA,0,1981,31,2
Ron Harper,NBA,0,1987,36,15
Josh Harrellson,NBA,1,2012,29,3
Al Harrington,NBA,3,1999,5,16
Othella Harrington,NBA,0,1997,27,12
Devin Harris,NBA,2,2005,38,14
Elias Harris,NBA,3,2014,20,1
Gary Harris,NBA,2,2015,21,4
Lucious Harris,NBA,2,1994,12,12
Manny Harris,NBA,2,2011,33,7
Mike Harris,NBA,3,2008,13,7
Steve Harris,NBA,2,1986,16,5
Terrel Harris,NBA,2,2012,32,2
Tobias Harris,NBA,3,2012,42,7
Tony Harris,NBA,2,1991,48,5
Aaron Harrison,NBA,2,2016,36,2
Andrew Harrison,NBA,2,2017,38,2
Bob Harrison,NBA,2,1950,29,9
David Harrison,NBA,1,2005,50,4
Jason Hart,NBA,2,2001,41,10
Josh Hart,NBA,2,2018,39,1
Clem Haskins,NBA,2,1968,18,9
Trenton Hassell,NBA,2,2002,36,9
Joe Hassett,NBA,2,1978,54,6
Scott Hastings,NBA,0,1983,11,11
Kirk Haston,NBA,3,2002,48,2
Vern Hatton,NBA,2,1959,23,4
John Havlicek,NBA,0,1963,13,16
Spencer Hawes,NBA,0,2008,25,10
Steve Hawes,NBA,0,1975,30,10
Hersey Hawkins,NBA,2,1989,41,13
Juaquin Hawkins,NBA,0,2003,48,1
Tom Hawkins,NBA,3,1960,11,10
Nate Hawthorne,NBA,2,1974,47,3
Jarvis Hayes,NBA,3,2004,34,7
Jim Hayes,NBA,2,1971,25,1
Steve Hayes,NBA,1,1982,34,5
Lazar Hayward,NBA,3,2011,44,3
Spencer Haywood,NBA,0,1970,37,14
Luther Head,NBA,2,2006,31,6
Shane Heal,NBA,2,1997,33,8
Alvin Heggs,NBA,3,1996,37,1
Alan Henderson,NBA,3,1996,22,12
Cedric Henderson,NBA,3,1987,58,1
Dave Henderson,NBA,2,1988,39,1
Gerald Henderson,NBA,2,2010,50,8
J.R. Henderson,NBA,3,1999,36,1
Jerome Henderson,NBA,0,1986,19,2
Mark Hendrickson,NBA,3,1997,29,4
Don Henriksen,NBA,0,1953,29,3
Al Henry,NBA,1,1971,48,2
Skeeter Henry,NBA,2,1994,28,1
Xavier Henry,NBA,2,2011,32,5
Charles Hentz,NBA,3,1971,23,1
Keith Herron,NBA,0,1979,26,4
Fred Hetzel,NBA,0,1966,14,6
Mario Hezonja,NBA,0,2016,56,3
Roy Hibbert,NBA,1,2009,41,9
Phil Hicks,NBA,3,1977,20,3
Buddy Hield,NBA,2,2017,35,2
Bill Higgins,NBA,2,1975,22,1
Earle Higgins,NBA,3,1971,30,1
Rod Higgins,NBA,3,1983,11,13
Kenny Higgs,NBA,2,1979,33,4
Nene Hilario,NBA,0,2003,35,16
Grant Hill,NBA,0,1995,14,19
Jordan Hill,NBA,0,2010,49,8
Simmie Hill,NBA,3,1970,49,5
Steven Hill,NBA,1,2009,25,1
Darrun Hilliard,NBA,2,2016,33,3
Darnell Hillman,NBA,0,1972,12,9
Fred Hilton,NBA,0,1972,51,2
Roy Hinson,NBA,0,1984,43,8
Darington Hobson,NBA,2,2012,33,1
Craig Hodges,NBA,2,1983,27,10
Charlie Hoefer,NBA,2,1947,22,2
Fred Hoiberg,NBA,2,1996,12,10
Justin Holiday,NBA,2,2013,20,6
Brad Holland,NBA,2,1980,50,3
John Holland,NBA,0,2018,57,1
Wilbur Holland,NBA,2,1976,55,4
Lionel Hollins,NBA,2,1976,42,10
Rondae Hollis-Jefferson,NBA,3,2016,26,3
Richaun Holmes,NBA,0,2016,24,3
A.W. Holt,NBA,3,1971,27,1
Mike Holton,NBA,2,1985,44,6
Derek Hood,NBA,3,2000,43,1
Rodney Hood,NBA,0,2015,29,4
Carroll Hooser,NBA,3,1968,30,1
Dave Hoppen,NBA,0,1988,18,6
Dennis Hopson,NBA,0,1988,21,5
Johnny Horan,NBA,3,1956,24,1
Al Horford,NBA,0,2008,30,11
Tito Horford,NBA,1,1989,18,6
Jeff Hornacek,NBA,2,1987,20,14
Dennis Horner,NBA,3,2012,45,1
Robert Horry,NBA,3,1993,8,16
Ed Horton,NBA,3,1990,42,1
Eddie House,NBA,2,2001,45,11
Allan Houston,NBA,2,1994,24,12
Byron Houston,NBA,3,1993,56,4
Brian Howard,NBA,3,1992,36,2
Dwight Howard,NBA,1,2005,21,14
Greg Howard,NBA,0,1971,27,2
Josh Howard,NBA,0,2004,28,10
Juwan Howard,NBA,3,1995,12,19
Stephen Howard,NBA,3,1993,31,6
Lester Hudson,NBA,2,2010,37,6
Marcelo Huertas,NBA,2,2016,37,2
Josh Huestis,NBA,3,2016,54,3
Alfredrick Hughes,NBA,0,1986,52,1
Larry Hughes,NBA,2,1999,15,14
Rick Hughes,NBA,3,2000,58,1
Robbie Hummel,NBA,3,2014,44,2
Kris Humphries,NBA,0,2005,11,13
Cedric Hunter,NBA,2,1992,35,1
Les Hunter,NBA,0,1965,37,9
Steven Hunter,NBA,1,2002,13,9
Vince Hunter,NBA,3,2018,34,1
Bobby Hurley,NBA,2,1994,19,5
Mel Hutchins,NBA,0,1952,14,7
Serge Ibaka,NBA,0,2010,13,9
Mile Ilic,NBA,1,2007,41,1
Ersan Ilyasova,NBA,3,2007,15,12
Tom Ingelsby,NBA,2,1974,26,3
Joe Ingles,NBA,0,2015,47,4
Damien Inglis,NBA,3,2016,41,1
Ervin Inniger,NBA,2,1968,20,2
George Irvine,NBA,0,1971,25,6
Kyrie Irving,NBA,2,2012,29,7
Allen Iverson,NBA,2,1997,12,14
Wesley Iwundu,NBA,3,2018,42,1
Jarrett Jack,NBA,2,2006,9,13
Cedric Jackson,NBA,2,2010,29,1
Darnell Jackson,NBA,3,2009,34,3
Demetrius Jackson,NBA,2,2017,52,2
Greg Jackson,NBA,2,1975,29,1
Jaren Jackson,NBA,0,1990,26,13
Jermaine Jackson,NBA,2,2000,51,7
Jim Jackson,NBA,2,1993,29,14
Justin Jackson,NBA,0,2018,27,1
Luke Jackson,NBA,3,2005,29,4
Mark Jackson,NBA,2,1988,18,17
Michael Jackson,NBA,2,1988,46,3
Myron Jackson,NBA,2,1987,28,1
Phil Jackson,NBA,0,1968,17,13
Randell Jackson,NBA,3,1999,24,2
Reggie Jackson,NBA,2,2012,45,7
Stanley Jackson,NBA,2,1994,42,1
Stephen Jackson,NBA,0,2001,16,14
Tony Jackson,NBA,0,1968,18,2
Tracy Jackson,NBA,0,1982,57,3
Casey Jacobsen,NBA,0,2003,19,6
Sam Jacobson,NBA,0,1999,24,3
Bernard James,NBA,1,2013,37,3
Gene James,NBA,3,1949,25,3
Henry James,NBA,3,1991,13,8
Mike James,NBA,2,2002,26,13
Mike James,NBA,2,2018,32,1
Harold Jamison,NBA,3,2000,20,3
Marko Jaric,NBA,2,2003,13,7
Sarunas Jasikevicius,NBA,2,2006,25,2
Nathan Jawai,NBA,0,2009,20,2
Othyus Jeffers,NBA,2,2010,42,5
Al Jefferson,NBA,0,2005,35,14
Cory Jefferson,NBA,3,2015,48,2
Dontell Jefferson,NBA,2,2009,22,1
Richard Jefferson,NBA,3,2002,9,17
Jared Jeffries,NBA,3,2003,20,11
John Jenkins,NBA,2,2013,34,5
Brandon Jennings,NBA,2,2010,27,8
Jonas Jerebko,NBA,3,2010,21,9
Eugene Jeter,NBA,2,2011,46,1
Yi Jianlian,NBA,3,2008,44,5
Britton Johnsen,NBA,3,2004,21,2
Alexander Johnson,NBA,3,2007,58,2
Anthony Johnson,NBA,2,1998,8,13
Armon Johnson,NBA,2,2011,55,2
Brice Johnson,NBA,3,2017,52,2
Buck Johnson,NBA,3,1987,17,7
Carldell Johnson,NBA,2,2012,37,1
Charles Johnson,NBA,2,1973,19,7
Clay Johnson,NBA,2,1982,23,3
Clemon Johnson,NBA,0,1979,13,10
Dakari Johnson,NBA,1,2018,51,1
Darryl Johnson,NBA,2,1996,38,1
Dave Johnson,NBA,0,1993,46,2
DeMarco Johnson,NBA,3,2000,52,1
Dennis Johnson,NBA,2,1977,21,14
Ed Johnson,NBA,1,1969,49,3
Ervin Johnson,NBA,1,1994,13,13
Frank Johnson,NBA,2,1982,35,13
George Johnson,NBA,0,1973,11,14
Ivan Johnson,NBA,3,2012,43,2
JaJuan Johnson,NBA,3,2012,55,1
James Johnson,NBA,3,2010,30,9
Joe Johnson,NBA,0,2002,43,17
John Johnson,NBA,3,1971,15,12
Kannard Johnson,NBA,3,1988,36,1
Ken Johnson,NBA,3,1986,43,1
Kevin Johnson,NBA,2,1988,39,13
Lee Johnson,NBA,3,1981,24,1
Magic Johnson,NBA,0,1980,42,17
Mickey Johnson,NBA,3,1975,13,12
Orlando Johnson,NBA,2,2013,21,4
Steffond Johnson,NBA,3,1987,27,1
Stew Johnson,NBA,0,1968,30,9
Trey Johnson,NBA,2,2009,31,4
Tyler Johnson,NBA,2,2015,53,4
Vinnie Johnson,NBA,2,1980,9,13
Wesley Johnson,NBA,0,2011,45,8
Jim Johnstone,NBA,0,1983,26,1
Nikola Jokic,NBA,0,2016,54,3
Alvin Jones,NBA,1,2002,53,1
Charles Jones,NBA,0,1984,9,15
Charles Jones,NBA,2,1999,47,2
Dahntay Jones,NBA,0,2004,33,14
Damon Jones,NBA,2,1999,20,11
DeQuan Jones,NBA,3,2013,54,1
Dominique Jones,NBA,2,2011,18,3
Dwight Jones,NBA,0,1974,31,10
Hutch Jones,NBA,3,1983,30,2
Jalen Jones,NBA,2,2018,43,1
Jumaine Jones,NBA,3,2000,30,8
K.C. Jones,NBA,2,1959,13,9
Kevin Jones,NBA,3,2013,59,1
Larry Jones,NBA,0,1965,32,10
Major Jones,NBA,3,1980,14,6
Rich Jones,NBA,0,1970,23,8
Robin Jones,NBA,0,1977,41,2
Shelton Jones,NBA,3,1989,35,1
Solomon Jones,NBA,3,2007,19,8
Steve Jones,NBA,0,1968,13,9
Terrence Jones,NBA,3,2013,27,5
Tyus Jones,NBA,2,2016,53,3
Wil Jones,NBA,3,1970,14,9
Willie Jones,NBA,2,1961,28,5
Charles Jordan,NBA,3,1976,51,1
Jerome Jordan,NBA,1,2012,39,4
Reggie Jordan,NBA,2,1994,37,7
Thomas Jordan,NBA,0,1993,42,1
Walter Jordan,NBA,3,1981,36,1
Johnny Jorgensen,NBA,0,1948,23,2
Noble Jorgensen,NBA,1,1947,19,7
Cory Joseph,NBA,2,2012,30,7
Kris Joseph,NBA,3,2013,21,1
Butch Joyner,NBA,3,1969,50,1
George Kaftan,NBA,3,1949,26,5
Enes Kanter,NBA,1,2012,27,7
Ralph Kaplowitz,NBA,0,1947,32,2
Jason Kapono,NBA,3,2004,45,9
Coby Karl,NBA,2,2008,38,3
Leo Katkaveck,NBA,2,1949,27,2
Bob Kauffman,NBA,0,1969,16,7
Sasha Kaun,NBA,1,2016,55,1
Tommy Kearns,NBA,2,1959,35,1
Adam Keefe,NBA,3,1993,36,9
Harold Keeling,NBA,2,1986,37,1
Arvesta Kelly,NBA,2,1968,19,5
Greg Kelser,NBA,3,1980,50,6
Tim Kempton,NBA,0,1987,22,12
Frank Kendrick,NBA,3,1975,50,1
Luke Kennard,NBA,2,2018,56,1
Jonathan Kerner,NBA,1,1999,26,1
Tom Kerwin,NBA,3,1968,20,1
Alec Kessler,NBA,0,1991,35,4
Julius Keye,NBA,0,1970,28,6
Randolph Keys,NBA,0,1989,23,8
Viktor Khryapa,NBA,3,2005,39,4
Jason Kidd,NBA,2,1995,37,19
Warren Kidd,NBA,3,1994,35,1
Jack Kiley,NBA,2,1952,21,2
Carl Kilpatrick,NBA,1,1980,52,1
Sean Kilpatrick,NBA,2,2015,43,4
Toby Kimball,NBA,0,1967,26,9
Bo Kimble,NBA,2,1991,18,3
Stan Kimbrough,NBA,2,1990,41,4
Chad Kinch,NBA,2,1981,46,1
Albert King,NBA,0,1982,25,11
Bernard King,NBA,3,1978,9,16
Chris King,NBA,3,1994,43,6
George King,NBA,2,1952,32,7
Loyd King,NBA,2,1972,48,2
Reggie King,NBA,3,1980,42,6
Rich King,NBA,1,1992,28,4
Stacey King,NBA,0,1990,16,8
Tarence Kinsey,NBA,2,2007,22,3
Walt Kirk,NBA,0,1949,23,4
Doug Kistler,NBA,3,1962,33,1
Kerry Kittles,NBA,2,1997,22,9
Maxi Kleber,NBA,3,2018,51,1
Joe Kleine,NBA,1,1986,39,15
Linas Kleiza,NBA,3,2006,51,8
Herm Klotz,NBA,2,1948,27,1
Duane Klueh,NBA,2,1950,19,2
Lonnie Kluttz,NBA,3,1971,25,1
Billy Knight,NBA,0,1975,11,11
Brevin Knight,NBA,2,1998,35,12
Negele Knight,NBA,2,1991,45,9
Ron Knight,NBA,3,1971,29,2
Toby Knight,NBA,3,1978,18,5
Bart Kofoed,NBA,2,1988,42,6
Don Kojis,NBA,3,1964,13,12
Milo Komenich,NBA,0,1950,29,1
Howard Komives,NBA,2,1965,43,10
Bud Koper,NBA,2,1965,21,1
Joe Kopicki,NBA,3,1983,27,3
Frank Kornet,NBA,3,1990,35,2
Tony Koski,NBA,3,1969,43,1
Tom Kozelko,NBA,3,1974,21,3
Barry Kramer,NBA,0,1965,18,6
Joel Kramer,NBA,0,1979,52,5
Dan Kraus,NBA,2,1949,24,1
Wayne Kreklow,NBA,2,1981,30,1
Tommy Kron,NBA,2,1967,24,4
Tom Kropp,NBA,2,1976,22,2
Nenad Krstic,NBA,1,2005,52,7
Kevin Kunnert,NBA,0,1974,26,9
Terry Kunze,NBA,0,1968,19,1
Mitch Kupchak,NBA,0,1977,39,10
C.J. Kupec,NBA,0,1976,28,3
Rob Kurz,NBA,3,2009,40,1
Ibo Kutluay,NBA,2,2005,21,1
Kyle Kuzma,NBA,3,2018,42,1
Bob Lackey,NBA,0,1973,20,2
Christian Laettner,NBA,0,1993,33,13
Oliver Lafayette,NBA,2,2010,31,1
Raef LaFrentz,NBA,0,1999,16,10
Bill Laimbeer,NBA,1,1981,26,14
Doron Lamb,NBA,2,2013,41,2
Jeremy Lamb,NBA,0,2013,30,6
Maciej Lampe,NBA,1,2004,27,3
Jim Lampley,NBA,1,1987,39,1
Sean Lampley,NBA,3,2003,57,2
Carl Landry,NBA,3,2008,18,9
Jerome Lane,NBA,3,1989,16,5
Antonio Lang,NBA,0,1995,42,6
James Lang,NBA,1,2007,25,1
Trajan Langdon,NBA,2,2000,57,3
Keith Langford,NBA,2,2008,35,1
Dan Langhi,NBA,3,2001,47,4
Bob Lanier,NBA,1,1971,27,14
Stu Lantz,NBA,2,1969,47,8
Nicolas Laprovittola,NBA,2,2017,26,1
York Larese,NBA,2,1962,36,1
Shane Larkin,NBA,2,2014,19,5
Stephane Lasme,NBA,3,2008,56,1
Harry Laurie,NBA,2,1971,23,1
Acie Law,NBA,2,2008,42,4
Gani Lawal,NBA,3,2011,19,1
Edmund Lawrence,NBA,1,1981,25,1
Jason Lawson,NBA,1,1998,54,1
Ty Lawson,NBA,2,2010,25,8
T.J. Leaf,NBA,3,2018,54,1
Manny Leaks,NBA,0,1969,33,6
Allen Leavell,NBA,2,1980,18,10
Jeff Lebo,NBA,2,1990,23,1
Butch Lee,NBA,2,1979,27,2
Clyde Lee,NBA,0,1967,17,10
David Lee,NBA,3,1968,45,2
David Lee,NBA,3,2006,40,12
Greg Lee,NBA,2,1975,30,2
Keith Lee,NBA,0,1986,19,4
Malcolm Lee,NBA,2,2012,20,4
Rock Lee,NBA,1,1982,50,1
Ron Lee,NBA,2,1977,14,6
George Lehmann,NBA,2,1968,48,7
Alex Len,NBA,1,2014,54,5
Gary Leonard,NBA,1,1990,45,3
Kawhi Leonard,NBA,3,2012,43,7
Slick Leonard,NBA,2,1957,14,7
Travis Leslie,NBA,2,2012,37,1
Ronnie Lester,NBA,2,1981,35,6
Jon Leuer,NBA,3,2012,49,7
Fat Lever,NBA,2,1983,18,12
Caris LeVert,NBA,0,2017,49,2
Cliff Levingston,NBA,3,1983,16,13
Bobby Lewis,NBA,2,1968,23,4
Freddie Lewis,NBA,2,1967,23,11
Quincy Lewis,NBA,3,2000,42,5
Ralph Lewis,NBA,2,1988,42,3
Bill Ligon,NBA,2,1975,28,1
Goose Ligon,NBA,0,1968,40,7
Damian Lillard,NBA,2,2013,54,6
Steve Lingenfelter,NBA,3,1983,39,2
Randy Livingston,NBA,2,1997,30,11
Shaun Livingston,NBA,2,2005,46,14
Ron Livingstone,NBA,1,1950,21,2
Horacio Llamas Grey,NBA,1,1997,51,2
Bobby Lloyd,NBA,2,1968,47,2
Lewis Lloyd,NBA,0,1982,16,9
Scott Lloyd,NBA,0,1977,21,7
Riney Lochmann,NBA,3,1968,24,3
Rob Lock,NBA,3,1989,39,1
Brad Lohaus,NBA,0,1988,16,11
Grant Long,NBA,3,1989,44,15
John Long,NBA,0,1979,39,19
Paul Long,NBA,2,1968,26,4
Shawn Long,NBA,0,2017,29,1
Willie Long,NBA,0,1972,23,3
Kevon Looney,NBA,0,2016,56,3
Ryan Lorthridge,NBA,2,1995,42,1
Bob Love,NBA,3,1967,28,11
Kevin Love,NBA,3,2009,32,10
Stan Love,NBA,3,1972,44,4
Clyde Lovellette,NBA,0,1954,34,11
Sidney Lowe,NBA,2,1984,33,7
Charlie Lowery,NBA,2,1972,49,1
Kyle Lowry,NBA,2,2007,12,12
John Lucas,NBA,2,1977,7,14
Kalin Lucas,NBA,2,2015,47,1
Maurice Lucas,NBA,0,1975,32,14
Tyronn Lue,NBA,2,1999,48,11
Jim Luisi,NBA,2,1954,26,1
Phil Lumpkin,NBA,2,1975,45,2
Timothe Luwawu-Cabarrot,NBA,3,2017,37,2
Trey Lyles,NBA,3,2016,46,3
George Lynch,NBA,3,1994,24,12
Kevin Lynch,NBA,0,1992,34,2
Mike Lynn,NBA,3,1970,47,2
Sheldon Mac,NBA,2,2017,47,1
Scott Machado,NBA,2,2013,44,1
Arvydas Macijauskas,NBA,2,2006,30,1
Ollie Mack,NBA,2,1980,54,3
Shelvin Mack,NBA,2,2012,33,7
Malcolm Mackey,NBA,0,1994,35,1
Mark Macon,NBA,2,1992,44,8
Tito Maddox,NBA,2,2003,38,1
Norm Mager,NBA,3,1951,27,1
Josh Magette,NBA,2,2018,57,1
Corey Maggette,NBA,3,2000,37,14
Dave Magley,NBA,3,1983,28,1
Jamaal Magloire,NBA,1,2001,30,12
Brian Mahoney,NBA,2,1973,54,1
Mo Mahoney,NBA,3,1953,28,2
Rick Mahorn,NBA,0,1981,15,19
Dan Majerle,NBA,0,1989,45,14
Thon Maker,NBA,0,2017,47,2
Karl Malone,NBA,3,1986,39,19
John Mandic,NBA,0,1949,25,2
Danny Manning,NBA,0,1989,11,15
Pete Maravich,NBA,2,1971,25,10
Devyn Marble,NBA,0,2015,43,2
Roy Marble,NBA,0,1990,17,5
Jack Marin,NBA,0,1967,19,11
Shawn Marion,NBA,3,2000,38,16
Boban Marjanovic,NBA,1,2016,47,3
Lauri Markkanen,NBA,3,2018,56,1
Damir Markota,NBA,1,2007,23,1
Sean Marks,NBA,0,1999,28,13
Jim Marsh,NBA,3,1972,52,1
Ricky Marsh,NBA,2,1978,58,1
Donny Marshall,NBA,3,1996,34,8
Kendall Marshall,NBA,2,2013,46,4
Rawle Marshall,NBA,0,2006,29,2
Vester Marshall,NBA,3,1974,24,1
Bill Martin,NBA,3,1986,22,3
Cuonzo Martin,NBA,0,1996,24,2
Jarell Martin,NBA,3,2016,36,3
Jeff Martin,NBA,2,1990,23,2
Kevin Martin,NBA,2,2005,13,12
LaRue Martin,NBA,1,1973,30,4
Maurice Martin,NBA,0,1987,28,2
Slater Martin,NBA,2,1950,27,11
Jamal Mashburn,NBA,3,1994,11,11
Anthony Mason,NBA,3,1990,25,14
Roger Mason,NBA,2,2003,19,12
Tony Massenburg,NBA,3,1991,21,15
Eddie Mast,NBA,0,1971,18,3
Mangok Mathiang,NBA,0,2018,50,1
Wes Matthews,NBA,2,1981,33,10
Wesley Matthews,NBA,2,2010,23,9
Marlon Maxey,NBA,3,1993,25,2
Vernon Maxwell,NBA,2,1989,38,13
Sean May,NBA,3,2006,42,5
Bill Mayfield,NBA,3,1981,59,1
Ken Mayfield,NBA,2,1976,23,1
Luc Mbah a Moute,NBA,3,2009,36,10
James Michael McAdoo,NBA,3,2015,52,4
Ray McCallum,NBA,2,2014,37,3
Mike McCarron,NBA,2,1947,19,4
Kelly McCarty,NBA,0,1999,49,1
Walter McCarty,NBA,3,1997,13,10
Amal McCaskill,NBA,0,1997,36,8
Patrick McCaw,NBA,2,2017,57,2
Ted McClain,NBA,2,1972,16,8
Dan McClintock,NBA,1,2001,29,1
George McCloud,NBA,0,1990,42,13
C.J. McCollum,NBA,2,2014,21,5
Tim McCormick,NBA,1,1985,40,8
Jelani McCoy,NBA,1,1999,40,10
Chris McCray,NBA,2,2007,54,1
Rodney McCray,NBA,0,1984,33,10
Xavier McDaniel,NBA,3,1986,27,13
Jim McDaniels,NBA,0,1972,33,7
Glenn McDonald,NBA,0,1975,26,3
Michael McDonald,NBA,1,1998,56,1
Hank McDowell,NBA,0,1982,54,6
Jim McElroy,NBA,2,1976,50,7
Ivan McFarlin,NBA,3,2007,50,1
Mitch McGary,NBA,0,2015,43,2
JaVale McGee,NBA,1,2009,35,10
Mike McGee,NBA,0,1982,33,9
Bill McGill,NBA,0,1963,19,8
George McGinnis,NBA,0,1972,26,11
Tracy McGrady,NBA,0,1998,35,15
Gil McGregor,NBA,3,1972,28,1
Rodney McGruder,NBA,2,2017,45,1
Allie McGuire,NBA,2,1974,55,1
Dominic McGuire,NBA,3,2008,16,6
Maurice McHartley,NBA,0,1968,26,3
Jeff McInnis,NBA,2,1997,18,12
Bob McIntyre,NBA,3,1968,40,3
Kevin McKenna,NBA,0,1982,30,7
Forrest McKenzie,NBA,3,1987,39,1
Stan McKenzie,NBA,0,1968,32,7
Billy McKinney,NBA,2,1979,20,8
Bones McKinney,NBA,0,1947,21,6
Alfonzo McKinnie,NBA,3,2018,57,1
McCoy McLemore,NBA,0,1965,14,8
George McLeod,NBA,3,1953,23,1
Keith McLeod,NBA,2,2004,26,4
Roshown McLeod,NBA,3,1999,49,3
Tom McMillen,NBA,0,1976,33,11
Mal McMullen,NBA,0,1950,28,2
Mark McNamara,NBA,0,1983,12,9
Chris McNealy,NBA,3,1986,22,3
Bob McNeill,NBA,2,1961,39,2
Larry McNeill,NBA,0,1974,44,6
Carl McNulty,NBA,2,1955,29,1
Cozell McQueen,NBA,3,1987,43,1
Eric McWilliams,NBA,3,1973,25,1
Stanislav Medvedenko,NBA,3,2001,52,7
Jodie Meeks,NBA,2,2010,27,9
Cliff Meely,NBA,0,1972,28,5
Gal Mekel,NBA,2,2014,42,2
Bill Melchionni,NBA,2,1967,14,10
Gary Melchionni,NBA,2,1974,51,2
Fab Melo,NBA,1,2013,53,1
Chuck Mencel,NBA,2,1956,40,2
Ken Menke,NBA,2,1950,25,1
Dewitt Menyard,NBA,1,1968,20,1
Joe Meriweather,NBA,0,1976,48,10
Loren Meyer,NBA,1,1996,56,4
Jordan Mickey,NBA,3,2016,40,3
Khris Middleton,NBA,0,2013,42,6
Red Mihalik,NBA,2,1947,23,1
Chris Mihm,NBA,1,2001,45,9
Vern Mikkelsen,NBA,0,1950,19,10
Al Miksis,NBA,1,1950,27,1
Marko Milic,NBA,0,1998,28,2
Darko Milicic,NBA,0,2004,12,10
Anthony Miller,NBA,3,1995,25,11
Bill Miller,NBA,3,1949,30,1
Brad Miller,NBA,1,1999,32,14
Darius Miller,NBA,3,2013,26,6
Larry Miller,NBA,0,1969,47,7
Malcolm Miller,NBA,3,2018,47,1
Reggie Miller,NBA,0,1988,13,18
Terry Mills,NBA,3,1991,28,11
Elijah Millsap,NBA,0,2015,49,3
Paul Millsap,NBA,3,2007,18,12
Dirk Minniefield,NBA,2,1986,55,3
Greg Minor,NBA,0,1995,25,5
Mark Minor,NBA,3,1973,35,1
Wat Misaka,NBA,2,1948,27,1
Jason Miskiri,NBA,2,2000,23,1
Donovan Mitchell,NBA,2,2018,40,1
Mike Mitchell,NBA,3,1979,48,10
Sam Mitchell,NBA,3,1990,33,13
Todd Mitchell,NBA,3,1989,34,1
Tony Mitchell,NBA,3,2014,31,1
Steve Mix,NBA,3,1970,26,14
Cuttino Mobley,NBA,2,1999,31,11
Doug Moe,NBA,0,1968,28,5
Jerome Moiso,NBA,0,2001,37,5
Wayne Molis,NBA,3,1967,35,2
Sidney Moncrief,NBA,2,1980,22,12
Eric Money,NBA,2,1975,18,6
Sergei Monia,NBA,3,2006,31,1
Greg Monroe,NBA,0,2011,46,8
Eric Montross,NBA,1,1995,47,8
Andre Moore,NBA,3,1988,22,1
E'Twaun Moore,NBA,2,2012,21,7
Mikki Moore,NBA,1,1999,13,14
Ron Moore,NBA,1,1988,43,1
Tracy Moore,NBA,0,1992,25,6
Darren Morningstar,NBA,1,1994,39,1
Chris Morris,NBA,3,1989,31,11
Darius Morris,NBA,2,2012,40,4
Marcus Morris,NBA,3,2012,17,7
Markieff Morris,NBA,3,2012,36,7
Randolph Morris,NBA,1,2007,37,4
Terence Morris,NBA,3,2002,16,5
Mike Morrison,NBA,2,1990,46,1
Richard Morton,NBA,2,1989,26,1
Glenn Mosley,NBA,3,1978,36,2
Donatas Motiejunas,NBA,0,2013,46,5
Hanno Mottola,NBA,1,2001,33,2
Arnett Moultrie,NBA,3,2013,42,2
Rick Mount,NBA,2,1971,19,5
Emmanuel Mudiay,NBA,2,2016,54,3
Erwin Mueller,NBA,0,1967,43,8
Shabazz Muhammad,NBA,0,2014,24,5
Byron Mullens,NBA,1,2010,30,5
Xavier Munford,NBA,2,2016,43,1
Eric Murdock,NBA,2,1992,51,9
Gheorghe Muresan,NBA,1,1994,51,7
Dick Murphy,NBA,2,1947,29,1
Erik Murphy,NBA,3,2014,45,1
Jay Murphy,NBA,3,1985,19,4
Kevin Murphy,NBA,2,2013,50,1
Tod Murphy,NBA,0,1988,15,7
Troy Murphy,NBA,0,2002,27,12
Dejounte Murray,NBA,2,2017,40,2
Ken Murray,NBA,0,1951,18,5
Lamond Murray,NBA,3,1995,15,12
Willie Murrell,NBA,3,1968,44,3
Toure' Murry,NBA,0,2014,38,2
Mike Muscala,NBA,0,2014,55,5
Martin Muursepp,NBA,3,1997,47,2
Pete Myers,NBA,0,1987,45,12
Hamady N'Diaye,NBA,1,2011,37,4
Makhtar N'Diaye,NBA,3,1999,49,1
Mamadou N'Diaye,NBA,1,2001,29,5
Boniface N'Dong,NBA,1,2006,49,1
Boris Nachamkin,NBA,3,1955,21,1
Bostjan Nachbar,NBA,3,2003,23,6
Abdel Nader,NBA,3,2018,26,1
Larry Nance,NBA,0,1982,22,13
Larry Nance,NBA,3,2016,25,3
Cotton Nash,NBA,3,1965,25,4
Steve Nash,NBA,2,1997,15,18
Swen Nater,NBA,1,1974,23,11
Howard Nathan,NBA,2,1996,50,1
Kenny Natt,NBA,2,1981,38,5
Juan Carlos Navarro,NBA,2,2008,43,1
Maurice Ndour,NBA,3,2017,41,1
Lloyd Neal,NBA,0,1973,35,7
Ed Nealy,NBA,3,1983,24,11
Nemanja Nedovic,NBA,2,2014,47,1
Louie Nelson,NBA,2,1974,24,5
Dick Nemelka,NBA,2,1971,45,1
Martin Nessley,NBA,1,1988,19,1
Rasho Nesterovic,NBA,1,1999,41,12
Bob Netolicky,NBA,0,1968,47,9
Johnny Neumann,NBA,0,1972,17,7
Chuck Nevitt,NBA,1,1983,16,12
Melvin Newbern,NBA,2,1993,38,1
Bill Newton,NBA,1,1973,49,2
Georges Niang,NBA,3,2017,25,1
Jack Nichols,NBA,0,1949,20,10
Andrew Nicholson,NBA,3,2013,40,5
Gaylon Nickerson,NBA,2,1997,58,1
Rich Niemann,NBA,1,1969,16,4
Mike Niles,NBA,3,1981,21,1
Dyron Nix,NBA,3,1990,33,1
Norm Nixon,NBA,2,1978,31,12
Chuck Noble,NBA,2,1956,36,7
David Noel,NBA,3,2007,24,1
Lucas Nogueira,NBA,1,2015,17,4
Jeff Nordgaard,NBA,3,1998,35,1
Ken Norman,NBA,3,1988,16,10
Audie Norris,NBA,1,1983,55,3
Willie Norwood,NBA,3,1972,21,7
Stan Noszka,NBA,2,1947,19,3
Steve Novak,NBA,3,2007,21,11
Mel Nowell,NBA,2,1963,35,6
Dennis Nutt,NBA,2,1987,59,1
Julius Nwosu,NBA,1,1995,47,1
Charles O'Bannon,NBA,0,1998,20,2
Ed O'Bannon,NBA,3,1996,24,2
Jim O'Brien,NBA,3,1974,53,2
Johnny O'Bryant,NBA,0,2015,40,4
Fran O'Hanlon,NBA,2,1971,23,1
Jermaine O'Neal,NBA,0,1997,15,18
Royce O'Neale,NBA,3,2018,39,1
Kyle O'Quinn,NBA,0,2013,50,6
Charles Oakley,NBA,0,1986,31,19
Fabricio Oberto,NBA,0,2006,51,6
Daniel Ochefu,NBA,1,2017,49,1
Greg Oden,NBA,1,2009,31,6
Lamar Odom,NBA,3,2000,31,14
Ralph Ogden,NBA,3,1971,49,1
Don Ohl,NBA,2,1961,21,10
Tim Ohlbrecht,NBA,1,2013,22,1
Semi Ojeleye,NBA,3,2018,31,1
Hakeem Olajuwon,NBA,1,1985,22,18
Jawann Oldham,NBA,1,1981,42,11
Frank Oleynick,NBA,2,1976,48,2
Brian Oliver,NBA,2,1991,22,8
Michael Olowokandi,NBA,1,1999,15,9
Bud Olsen,NBA,0,1963,36,8
Kelly Olynyk,NBA,0,2014,45,5
Arinze Onuaku,NBA,1,2014,34,4
Chinanu Onuaku,NBA,0,2017,48,1
Louis Orr,NBA,3,1981,31,8
Jose Ortiz,NBA,3,1989,20,2
Daniel Orton,NBA,0,2012,29,3
Chuck Osborne,NBA,3,1962,37,1
Greg Ostertag,NBA,1,1996,15,11
Matt Othick,NBA,2,1993,40,1
Bo Outlaw,NBA,3,1994,29,15
Travis Outlaw,NBA,3,2004,28,11
Billy Owens,NBA,0,1992,14,10
Eddie Owens,NBA,3,1978,57,1
Jim Owens,NBA,3,1974,41,2
Keith Owens,NBA,3,1992,24,1
Larry Owens,NBA,3,2011,34,2
Joe Pace,NBA,1,1977,56,2
Scott Padgett,NBA,3,2000,19,8
Marcus Paige,NBA,2,2018,36,1
Jim Palmer,NBA,0,1959,38,3
Georgios Papagiannis,NBA,1,2017,51,2
Jeremy Pargo,NBA,2,2012,58,2
Easy Parham,NBA,0,1949,27,3
Robert Parish,NBA,1,1977,2,21
Med Park,NBA,0,1956,17,5
Anthony Parker,NBA,2,1998,7,15
Jabari Parker,NBA,3,2015,26,3
Smush Parker,NBA,2,2003,28,6
Sonny Parker,NBA,0,1977,29,6
Barry Parkhill,NBA,2,1974,43,3
Cherokee Parks,NBA,0,1996,50,9
Richard Parks,NBA,3,1968,33,1
Zarko Paspalj,NBA,3,1990,30,1
Marty Passaglia,NBA,2,1947,21,3
Andrae Patterson,NBA,3,1999,49,2
Lamar Patterson,NBA,0,2016,48,2
Patrick Patterson,NBA,3,2011,19,8
Steve Patterson,NBA,1,1972,53,5
Tom Patterson,NBA,3,1973,51,2
John Paxson,NBA,2,1984,34,11
Adreian Payne,NBA,0,2015,35,4
Cameron Payne,NBA,2,2016,46,2
Kenny Payne,NBA,0,1990,25,4
Elfrid Payton,NBA,2,2015,54,4
Gary Payton,NBA,2,2017,32,2
Oleksiy Pecherov,NBA,1,2008,39,3
Wiley Peck,NBA,2,1980,37,1
Anthony Peeler,NBA,2,1993,29,13
Nikola Pekovic,NBA,1,2011,16,6
Sam Pellom,NBA,0,1980,35,4
Jerry Pender,NBA,2,1974,50,1
Kirk Penney,NBA,2,2004,27,2
Mike Peplowski,NBA,1,1994,46,3
Kendrick Perkins,NBA,1,2004,40,13
Sam Perkins,NBA,0,1985,16,17
Warren Perkins,NBA,0,1950,18,2
Aulcie Perry,NBA,1,1975,50,1
Curtis Perry,NBA,3,1971,42,8
Elliot Perry,NBA,2,1992,20,11
Chuck Person,NBA,3,1987,26,14
Jim Petersen,NBA,0,1985,16,8
Morris Peterson,NBA,3,2001,45,11
Drazen Petrovic,NBA,2,1990,27,4
Jerry Pettway,NBA,0,1968,34,2
Roger Phegley,NBA,0,1979,19,6
Bobby Phills,NBA,2,1992,30,9
Eric Piatkowski,NBA,0,1995,10,14
Paul Pierce,NBA,0,1999,36,19
Ed Pinckney,NBA,3,1986,32,12
Kevinn Pinkney,NBA,3,2007,19,1
John Pinone,NBA,3,1984,22,1
Tom Piotrowski,NBA,1,1984,20,1
Scottie Pippen,NBA,0,1988,33,17
Zoran Planinic,NBA,2,2004,54,3
Tibor Pleiss,NBA,1,2016,23,1
Marshall Plumlee,NBA,1,2017,54,1
Miles Plumlee,NBA,0,2013,18,6
Gary Plummer,NBA,0,1985,38,9
Jakob Poeltl,NBA,1,2017,40,2
Scot Pollard,NBA,1,1998,23,11
Quincy Pondexter,NBA,0,2011,28,8
Chris Porter,NBA,3,2001,57,1
Howard Porter,NBA,0,1972,24,7
Kevin Porter,NBA,2,1973,15,11
Otto Porter,NBA,3,2014,23,5
Terry Porter,NBA,2,1986,22,17
Kristaps Porzingis,NBA,0,2016,48,3
Lavor Postell,NBA,2,2001,37,3
John Postley,NBA,3,1968,20,1
Vitaly Potapenko,NBA,1,1997,14,11
Leon Powe,NBA,3,2007,50,5
Cincinnatus Powell,NBA,0,1968,38,8
Dwight Powell,NBA,0,2015,38,4
Josh Powell,NBA,3,2006,26,9
Norman Powell,NBA,2,2016,49,3
Roger Powell,NBA,3,2007,30,1
Alex Poythress,NBA,3,2017,31,2
Mike Pratt,NBA,0,1971,49,2
Phil Pressey,NBA,2,2014,48,3
A.J. Price,NBA,2,2010,16,6
Brent Price,NBA,2,1993,47,10
Mark Price,NBA,2,1987,21,12
Tayshaun Prince,NBA,3,2003,36,14
Kevin Pritchard,NBA,2,1991,15,6
Joel Przybilla,NBA,1,2001,13,13
Roy Pugh,NBA,0,1949,21,1
Tim Quarterman,NBA,2,2017,32,1
Bob Quick,NBA,0,1969,32,4
Ivan Rabb,NBA,3,2018,51,1
Vladimir Radmanovic,NBA,3,2002,44,12
Aleksandar Radojevic,NBA,1,2000,42,6
Frank Radovich,NBA,3,1962,34,1
Miroslav Raduljica,NBA,1,2014,52,2
Ray Radziszewski,NBA,3,1958,36,1
Kurt Rambis,NBA,3,1982,22,14
Peter John Ramos,NBA,1,2005,21,1
Frank Ramsey,NBA,0,1955,34,10
Zach Randolph,NBA,0,2002,30,17
Blair Rasmussen,NBA,1,1986,50,8
Ed Ratleff,NBA,0,1974,32,5
Andy Rautins,NBA,2,2011,38,1
Clifford Ray,NBA,1,1972,45,10
Jimmy Rayl,NBA,2,1968,23,2
Eldridge Recasner,NBA,2,1995,31,8
Michael Redd,NBA,2,2001,28,12
Justin Reed,NBA,3,2005,54,3
Ron Reed,NBA,3,1966,19,2
Willie Reed,NBA,0,2016,54,3
Willis Reed,NBA,0,1965,22,10
Khalid Reeves,NBA,2,1995,22,6
Don Reid,NBA,3,1996,40,8
J.R. Reid,NBA,3,1990,9,12
Jared Reiner,NBA,1,2005,50,3
Richard Rellford,NBA,3,1988,22,1
Shawn Respert,NBA,2,1996,25,4
Kevin Restani,NBA,0,1975,27,8
Kendall Rhine,NBA,1,1968,23,2
Gene Rhodes,NBA,2,1953,30,1
Rodrick Rhodes,NBA,0,1998,27,3
Glen Rice,NBA,3,1990,40,15
Chris Richard,NBA,3,2008,38,3
Clint Richardson,NBA,2,1980,35,8
Norm Richardson,NBA,2,2002,36,1
Quentin Richardson,NBA,2,2001,36,13
Mitch Richmond,NBA,2,1989,28,14
John Richter,NBA,3,1960,38,1
Jim Riffey,NBA,3,1951,26,1
Bob Riley,NBA,3,1971,35,1
Pat Riley,NBA,0,1968,18,9
Mike Riordan,NBA,0,1969,31,9
Ramon Rivas,NBA,0,1989,33,1
Austin Rivers,NBA,2,2013,33,6
Doc Rivers,NBA,2,1984,24,13
Andre Roberson,NBA,0,2014,38,5
Anthony Roberts,NBA,0,1978,23,7
Brian Roberts,NBA,2,2013,43,5
Fred Roberts,NBA,0,1984,16,14
Lawrence Roberts,NBA,3,2006,46,2
Marv Roberts,NBA,0,1972,21,6
Stanley Roberts,NBA,1,1992,26,9
Alvin Robertson,NBA,2,1985,37,12
Ryan Robertson,NBA,2,2000,49,1
Tony Robertson,NBA,2,1978,20,2
Rick Robey,NBA,0,1979,30,8
Bernard Robinson,NBA,0,2005,52,3
Chris Robinson,NBA,2,1997,48,2
Clifford Robinson,NBA,0,1990,41,18
Flynn Robinson,NBA,2,1967,32,8
Glenn Robinson,NBA,3,1995,34,11
Glenn Robinson,NBA,0,2015,29,3
Jamal Robinson,NBA,3,2001,30,1
James Robinson,NBA,2,1994,44,8
Larry Robinson,NBA,0,1991,28,12
Rumeal Robinson,NBA,2,1991,46,7
Samuel Robinson,NBA,3,1971,41,2
Wayne Robinson,NBA,3,1981,47,1
Wilbert Robinson,NBA,2,1974,19,1
Bill Robinzine,NBA,3,1976,18,7
Dennis Rodman,NBA,3,1987,23,14
Harry Rogers,NBA,3,1976,46,1
Rodney Rogers,NBA,3,1994,27,12
Roy Rogers,NBA,3,1997,34,4
Willie Rogers,NBA,0,1969,48,1
Al Roges,NBA,0,1954,35,2
Kenny Rollins,NBA,2,1949,26,5
Tree Rollins,NBA,1,1978,29,18
Lorenzo Romar,NBA,2,1981,20,5
Rajon Rondo,NBA,2,2007,48,12
Sean Rooks,NBA,1,1993,9,12
Derrick Rose,NBA,2,2009,43,10
Jalen Rose,NBA,0,1995,45,13
Quinton Ross,NBA,2,2005,50,7
Terrence Ross,NBA,0,2013,27,6
Doug Roth,NBA,1,1990,50,1
Dan Roundfield,NBA,0,1976,38,12
Ron Rowan,NBA,2,1987,43,1
Curtis Rowe,NBA,3,1972,49,8
Jim Rowinski,NBA,0,1989,21,2
Donald Royal,NBA,3,1990,20,9
Reggie Royals,NBA,1,1975,23,1
Guy Rucker,NBA,0,2003,59,1
Delaney Rudd,NBA,2,1990,30,4
Damjan Rudez,NBA,3,2015,51,3
Michael Ruffin,NBA,3,2000,11,10
Paul Ruffner,NBA,0,1971,50,6
Bob Rule,NBA,0,1968,23,8
Brandon Rush,NBA,0,2009,25,9
Bryon Russell,NBA,3,1994,34,13
Walker Russell,NBA,2,2012,52,1
Robert Sacre,NBA,1,2013,37,4
John Salmons,NBA,2,2003,29,13
Soumaila Samake,NBA,1,2001,20,3
Ralph Sampson,NBA,0,1984,33,9
Pepe Sanchez,NBA,2,2001,25,3
Al Sanders,NBA,3,1973,45,1
Larry Sanders,NBA,0,2011,53,7
Melvin Sanders,NBA,0,2006,56,1
Tom Sanders,NBA,3,1961,43,13
Ron Sanford,NBA,3,1972,21,1
Bob Santini,NBA,3,1956,29,1
Dario Saric,NBA,3,2017,58,2
Tomas Satoransky,NBA,2,2017,50,2
Kenny Satterfield,NBA,2,2002,48,2
Glynn Saulters,NBA,2,1969,41,1
Alan Sawyer,NBA,3,1951,23,1
Brian Scalabrine,NBA,3,2002,42,11
Alex Scales,NBA,2,2006,58,1
Herm Schaefer,NBA,0,1949,27,2
Billy Schaeffer,NBA,3,1974,57,3
Fred Schaus,NBA,3,1950,28,5
Danny Schayes,NBA,0,1982,27,18
Steve Scheffler,NBA,0,1991,43,7
Luke Schenscher,NBA,1,2006,18,2
Dwayne Schintzius,NBA,1,1991,19,9
Dale Schlueter,NBA,1,1969,22,10
Russ Schoene,NBA,0,1983,30,7
Detlef Schrempf,NBA,0,1986,34,16
Howie Schultz,NBA,0,1950,27,4
Luis Scola,NBA,3,2008,17,10
Alvin Scott,NBA,0,1978,16,8
Brent Scott,NBA,0,1997,44,1
Charlie Scott,NBA,0,1971,28,10
Mike Scott,NBA,3,2013,27,6
Ray Scott,NBA,0,1962,40,11
Ed Searcy,NBA,3,1976,29,1
Wayne See,NBA,2,1950,26,1
Phil Sellers,NBA,0,1977,51,1
Frank Selvy,NBA,0,1955,22,10
Mouhamed Sene,NBA,0,2007,32,3
George Senesky,NBA,2,1947,23,8
Ansu Sesay,NBA,3,2002,45,4
Tom Sewell,NBA,2,1985,36,1
Mustafa Shakur,NBA,2,2011,54,4
God Shammgod,NBA,2,1998,35,1
Earl Shannon,NBA,0,1947,24,3
Howie Shannon,NBA,0,1949,18,2
Walter Sharpe,NBA,3,2009,21,1
Brian Shaw,NBA,2,1989,39,15
Casey Shaw,NBA,1,1999,43,1
Craig Shelton,NBA,3,1981,58,2
Lonnie Shelton,NBA,0,1977,22,10
Billy Shepherd,NBA,2,1973,30,3
Ed Sherod,NBA,2,1983,39,1
Gene Shue,NBA,2,1955,31,10
Iman Shumpert,NBA,2,2012,15,7
Alexey Shved,NBA,2,2013,45,3
Pascal Siakam,NBA,3,2017,42,2
Sam Sibert,NBA,3,1973,34,1
Jerry Sichting,NBA,2,1981,32,10
Larry Siegfried,NBA,3,1964,26,9
Jack Sikma,NBA,0,1978,35,14
Paul Silas,NBA,0,1965,10,16
Xavier Silas,NBA,2,2012,24,1
Garret Siler,NBA,1,2011,26,1
Wayne Simien,NBA,3,2006,25,2
Ben Simmons,NBA,0,2018,57,1
Cedric Simmons,NBA,3,2007,45,3
Jonathon Simmons,NBA,0,2016,40,3
Miles Simon,NBA,2,1999,58,1
Ralph Simpson,NBA,0,1971,11,10
Alvin Sims,NBA,2,1999,19,1
Henry Sims,NBA,1,2013,51,4
Kyle Singler,NBA,3,2013,19,6
McKinley Singleton,NBA,2,1987,40,1
Charlie Sitton,NBA,3,1985,39,1
Scott Skiles,NBA,2,1987,22,10
Brian Skinner,NBA,3,1999,24,14
Reggie Slater,NBA,3,1995,12,9
Jim Slaughter,NBA,1,1952,32,1
Tamar Slay,NBA,2,2003,42,3
Jerry Sloan,NBA,0,1966,15,11
Uros Slokar,NBA,3,2007,24,1
Charles Smith,NBA,2,1990,32,7
Charles Smith,NBA,2,1998,23,9
Chris Smith,NBA,2,1993,49,3
Chris Smith,NBA,2,2014,29,1
Clinton Smith,NBA,3,1987,23,5
Craig Smith,NBA,3,2007,54,6
Dennis Smith,NBA,2,2018,49,1
Derek Smith,NBA,0,1983,25,9
Donta Smith,NBA,0,2005,33,2
Doug Smith,NBA,3,1992,16,5
Garfield Smith,NBA,0,1971,19,3
Greg Smith,NBA,3,1969,21,8
Greg Smith,NBA,1,2012,42,5
J.R. Smith,NBA,0,2005,14,14
Jerry Smith,NBA,2,2012,43,1
Joe Smith,NBA,3,1996,24,16
Josh Smith,NBA,3,2005,37,14
Keith Smith,NBA,2,1987,38,1
Ken Smith,NBA,3,1976,23,1
Kenny Smith,NBA,2,1988,22,10
LaBradford Smith,NBA,2,1992,30,3
Michael Smith,NBA,3,1990,17,6
Michael Smith,NBA,3,1995,51,7
Otis Smith,NBA,0,1987,34,6
Phil Smith,NBA,2,1975,22,9
Randy Smith,NBA,0,1972,24,12
Robert Smith,NBA,2,1978,36,8
Russ Smith,NBA,2,2015,37,2
Sam Smith,NBA,3,1968,20,4
Steven Smith,NBA,3,2007,26,1
Stevin Smith,NBA,2,1997,51,1
Theron Smith,NBA,3,2004,47,2
Tony Smith,NBA,2,1991,9,11
William Smith,NBA,1,1972,27,2
Willie Smith,NBA,2,1977,45,4
Rik Smits,NBA,1,1989,31,12
Joe Smyth,NBA,3,1954,34,1
Tony Snell,NBA,0,2014,27,5
Eric Snow,NBA,2,1996,32,13
Kirk Snyder,NBA,2,2005,37,4
Chips Sobek,NBA,0,1950,28,1
Ricky Sobers,NBA,2,1976,31,11
Mike Sojourner,NBA,0,1975,43,3
Will Solomon,NBA,2,2002,43,8
Willie Somerset,NBA,2,1966,40,4
James Southerland,NBA,3,2014,40,1
Pape Sow,NBA,3,2005,55,3
Ken Spain,NBA,1,1971,30,1
Vassilis Spanoulis,NBA,2,2007,46,1
Odie Spears,NBA,2,1949,13,9
Marreese Speights,NBA,0,2009,39,10
Felton Spencer,NBA,1,1991,25,12
Tiago Splitter,NBA,0,2011,21,7
Latrell Sprewell,NBA,2,1993,30,13
Larry Spriggs,NBA,3,1982,46,5
Ryan Stack,NBA,3,1999,26,2
Jerry Stackhouse,NBA,0,1996,28,18
Terence Stansbury,NBA,2,1985,48,3
Nik Stauskas,NBA,2,2015,24,4
Matt Steigenga,NBA,3,1997,26,1
Vladimir Stepania,NBA,1,1999,36,6
D.J. Stephens,NBA,0,2014,20,1
Everette Stephens,NBA,2,1989,56,3
Jack Stephens,NBA,0,1956,36,1
Alex Stepheson,NBA,3,2016,28,1
Barry Stevens,NBA,0,1993,20,1
DeShawn Stevenson,NBA,2,2001,19,13
Dennis Stewart,NBA,3,1971,23,1
Larry Stewart,NBA,3,1992,52,6
Michael Stewart,NBA,1,1998,50,8
Greg Stiemsma,NBA,1,2012,42,4
Steve Stipanovich,NBA,1,1984,18,5
Alex Stivrins,NBA,3,1986,18,8
David Stockton,NBA,2,2015,58,1
Peja Stojakovic,NBA,0,1999,13,13
Julyan Stone,NBA,2,2012,51,7
Awvee Storey,NBA,0,2005,32,4
Amar'e Stoudemire,NBA,0,2003,42,14
Joe Strawder,NBA,1,1966,33,3
Rod Strickland,NBA,2,1989,7,17
John Stroeder,NBA,3,1988,42,2
Derek Strong,NBA,3,1992,13,10
Lamont Strothers,NBA,2,1992,21,2
Red Stroud,NBA,2,1968,47,1
Rodney Stuckey,NBA,2,2008,35,10
Gary Suiter,NBA,0,1971,22,1
Jared Sullinger,NBA,3,2013,43,5
DaJuan Summers,NBA,3,2010,30,4
Don Sunderlage,NBA,2,1954,29,2
Bruno Sundov,NBA,1,1999,26,7
Jon Sundvold,NBA,2,1984,20,9
Greg Sutton,NBA,2,1992,27,5
Keith Swagerty,NBA,3,1969,18,2
Mike Sweetney,NBA,3,2004,37,4
Robert Swift,NBA,1,2005,45,5
Stromile Swift,NBA,3,2001,15,9
Aaron Swinson,NBA,3,1995,21,1
Pape Sy,NBA,3,2011,45,1
Brett Szabo,NBA,1,1997,50,1
Zan Tabak,NBA,1,1995,35,7
Yuta Tabuse,NBA,2,2005,45,1
Levern Tart,NBA,0,1968,16,4
Jayson Tatum,NBA,3,2018,31,1
Anthony Taylor,NBA,2,1989,33,1
Brian Taylor,NBA,2,1973,23,10
Donell Taylor,NBA,2,2006,56,2
Jay Taylor,NBA,2,1990,46,1
Jeffery Taylor,NBA,3,2013,56,3
Jermaine Taylor,NBA,2,2010,49,2
Leonard Taylor,NBA,3,1990,43,1
Maurice Taylor,NBA,3,1998,38,10
Tyshawn Taylor,NBA,2,2013,44,2
Terry Teagle,NBA,0,1983,17,11
Jeff Teague,NBA,2,2010,21,9
Marquis Teague,NBA,2,2013,52,2
Mirza Teletovic,NBA,3,2013,40,6
Sebastian Telfair,NBA,2,2005,25,11
Milos Teodosic,NBA,2,2018,43,1
Daniel Theis,NBA,1,2018,28,1
Reggie Theus,NBA,2,1979,17,13
Peter Thibeaux,NBA,3,1985,22,2
David Thirdkill,NBA,0,1983,29,5
Adonis Thomas,NBA,3,2014,31,1
Charles Thomas,NBA,2,1992,46,1
Etan Thomas,NBA,3,2002,16,10
Irving Thomas,NBA,3,1991,50,1
Isaiah Thomas,NBA,2,2012,41,6
Jamel Thomas,NBA,3,2000,39,2
James Thomas,NBA,3,2005,50,2
John Thomas,NBA,3,1998,30,9
Kenny Thomas,NBA,3,2000,9,11
Malcolm Thomas,NBA,3,2012,29,4
Terry Thomas,NBA,3,1976,30,1
Tim Thomas,NBA,3,1998,11,13
Tyrus Thomas,NBA,3,2007,13,9
Trey Thompkins,NBA,3,2012,51,1
Bernard Thompson,NBA,0,1985,44,5
Corny Thompson,NBA,3,1983,43,1
David Thompson,NBA,0,1976,16,9
George Thompson,NBA,2,1970,24,6
Hollis Thompson,NBA,0,2014,36,4
Jason Thompson,NBA,0,2009,15,8
John Thompson,NBA,3,1965,42,2
Kevin Thompson,NBA,0,1994,36,1
Klay Thompson,NBA,0,2012,47,7
Mychal Thompson,NBA,0,1979,28,13
Paul Thompson,NBA,0,1984,27,3
Stephen Thompson,NBA,2,1992,30,1
Rod Thorn,NBA,2,1964,42,8
Al Thornton,NBA,3,2008,52,4
Dallas Thornton,NBA,2,1969,32,2
Marcus Thornton,NBA,2,2010,34,8
Nate Thurmond,NBA,0,1964,11,14
Hal Tidrick,NBA,0,1949,29,1
George Tinsley,NBA,3,1970,22,3
Wayman Tisdale,NBA,0,1986,9,12
Mike Tobey,NBA,1,2017,43,1
Ray Tolbert,NBA,3,1982,43,8
Anthony Tolliver,NBA,0,2009,50,10
Dean Tolson,NBA,3,1975,25,4
Sedric Toney,NBA,2,1986,36,9
Andy Tonkovich,NBA,2,1949,19,1
Gene Tormohlen,NBA,0,1963,31,8
Axel Toupane,NBA,0,2016,40,2
Keith Tower,NBA,0,1994,30,4
Linton Townes,NBA,0,1983,24,3
Karl-Anthony Towns,NBA,0,2016,28,3
George Trapp,NBA,0,1972,34,6
John Trapp,NBA,3,1969,39,5
Gary Trent,NBA,3,1996,34,9
Jeff Trepagnier,NBA,2,2002,35,3
Kelly Tripucka,NBA,0,1982,22,10
Ansley Truitt,NBA,1,1973,23,1
Jake Tsakalidis,NBA,1,2001,30,7
Alando Tucker,NBA,3,2008,21,3
P.J. Tucker,NBA,3,2007,23,12
Hedo Turkoglu,NBA,3,2001,38,15
Elston Turner,NBA,0,1982,38,8
Evan Turner,NBA,2,2011,19,8
Jack Turner,NBA,0,1962,19,1
Jeff Turner,NBA,0,1985,42,12
Wayne Turner,NBA,2,2000,29,1
Dave Twardzik,NBA,2,1973,26,8
Jeremy Tyler,NBA,1,2012,41,3
Edwin Ubiles,NBA,2,2012,49,1
Ekpe Udoh,NBA,0,2011,38,8
Beno Udrih,NBA,2,2005,26,13
Roko Ukic,NBA,2,2009,27,2
Tyler Ulis,NBA,2,2017,29,2
Kelvin Upshaw,NBA,2,1989,37,3
Jarrod Uthoff,NBA,3,2017,44,1
Ben Uzoh,NBA,2,2011,36,2
Darnell Valentine,NBA,2,1982,14,10
Ronnie Valentine,NBA,3,1981,22,1
Jan Van Breda Kolff,NBA,0,1975,16,9
Nick Van Exel,NBA,2,1994,31,13
Keith Van Horn,NBA,3,1998,14,9
Dennis Van Zant,NBA,3,1976,29,1
David Vanterpool,NBA,2,2001,24,1
Ratko Varda,NBA,1,2002,19,1
Anderson Varejao,NBA,0,2005,41,13
Jarvis Varnado,NBA,3,2013,58,2
Greivis Vasquez,NBA,2,2011,30,7
Jacque Vaughn,NBA,2,1998,33,12
Rashad Vaughn,NBA,2,2016,31,3
Virgil Vaughn,NBA,0,1947,27,1
Bob Verga,NBA,2,1968,46,7
Pete Verhoeven,NBA,3,1982,19,6
Joao Vianna,NBA,3,1992,31,1
Jay Vincent,NBA,3,1982,34,9
Sam Vincent,NBA,2,1986,31,7
Marcus Vinicius,NBA,3,2007,31,2
Claude Virden,NBA,3,1973,33,1
Gary Voce,NBA,3,1990,29,1
Jake Voskuhl,NBA,1,2001,11,9
Danny Vranes,NBA,3,1982,18,7
Slavko Vranes,NBA,1,2004,48,1
Stojko Vrankovic,NBA,1,1991,15,9
Brett Vroman,NBA,1,1981,27,1
Nikola Vucevic,NBA,1,2012,38,7
Sasha Vujacic,NBA,2,2005,23,13
Dwyane Wade,NBA,2,2004,30,15
Dajuan Wagner,NBA,2,2003,39,5
Dion Waiters,NBA,2,2013,43,6
Andre Wakefield,NBA,2,1979,49,2
Neal Walk,NBA,1,1970,18,8
Antoine Walker,NBA,3,1997,44,12
Chet Walker,NBA,0,1963,42,13
Darrell Walker,NBA,2,1984,32,10
Kenny Walker,NBA,3,1987,51,9
Phil Walker,NBA,2,1978,37,1
Samaki Walker,NBA,3,1997,49,10
Wally Walker,NBA,3,1977,31,8
Ben Wallace,NBA,0,1997,4,16
Gerald Wallace,NBA,3,2002,13,14
John Wallace,NBA,3,1997,38,8
Rasheed Wallace,NBA,0,1996,14,18
Dwight Waller,NBA,3,1969,22,4
Matt Walsh,NBA,0,2006,32,1
Rex Walters,NBA,2,1994,51,7
Bill Walton,NBA,0,1975,20,13
Lloyd Walton,NBA,2,1977,33,5
Luke Walton,NBA,3,2004,49,10
Perry Warbington,NBA,2,1975,45,1
Charlie Ward,NBA,2,1995,11,11
Jim Ware,NBA,3,1967,19,3
Ben Warley,NBA,0,1963,12,8
Willie Warren,NBA,2,2011,25,1
Bryan Warrick,NBA,2,1983,35,4
Hakim Warrick,NBA,3,2006,36,8
Chris Washburn,NBA,1,1987,24,2
Donald Washington,NBA,3,1975,57,2
Duane Washington,NBA,2,1988,40,6
Eric Washington,NBA,2,1998,27,2
Kermit Washington,NBA,0,1974,22,15
Pearl Washington,NBA,2,1987,35,3
Stan Washington,NBA,2,1975,50,1
Wilson Washington,NBA,0,1978,36,2
C.J. Watson,NBA,2,2008,34,10
Jamie Watson,NBA,3,1995,55,5
Maalik Wayns,NBA,2,2013,43,2
David Wear,NBA,3,2015,45,1
Clarence Weatherspoon,NBA,3,1993,23,13
Nick Weatherspoon,NBA,3,1974,29,7
Kyle Weaver,NBA,2,2009,29,3
Marcus Webb,NBA,0,1993,26,1
Chris Webber,NBA,0,1994,10,15
Briante Weber,NBA,2,2016,56,3
Jeff Webster,NBA,3,1996,46,1
Scott Wedman,NBA,0,1975,13,13
Sonny Weems,NBA,0,2009,36,8
Bob Weiss,NBA,2,1966,36,12
Bubba Wells,NBA,3,1998,33,1
Owen Wells,NBA,3,1975,27,1
Ralph Wells,NBA,2,1963,23,1
Jiri Welsch,NBA,2,2003,21,4
Bill Wennington,NBA,1,1986,40,15
Robert Werdann,NBA,1,1993,26,5
David Wesley,NBA,2,1994,35,14
Delonte West,NBA,2,2005,40,8
Doug West,NBA,0,1990,28,12
Mario West,NBA,2,2008,52,4
Mark West,NBA,0,1984,15,17
Russell Westbrook,NBA,2,2009,38,10
Paul Westphal,NBA,2,1973,34,12
John Wetzel,NBA,0,1968,11,9
Ennis Whatley,NBA,2,1984,35,14
DeJuan Wheat,NBA,2,1998,53,2
D.J. White,NBA,3,2009,50,6
Hubie White,NBA,0,1963,40,9
James White,NBA,0,2007,13,7
Jo Jo White,NBA,2,1970,13,12
Okaro White,NBA,3,2017,51,2
Rory White,NBA,3,1983,29,5
Rudy White,NBA,2,1976,18,6
Willie White,NBA,2,1985,25,2
Isaiah Whitehead,NBA,2,2017,55,2
Jerome Whitehead,NBA,0,1979,16,11
Donald Whiteside,NBA,2,1997,42,2
Hassan Whiteside,NBA,1,2011,51,8
Chris Whitney,NBA,2,1994,23,11
Hank Whitney,NBA,0,1968,20,3
Shayne Whittington,NBA,0,2015,41,2
Sidney Wicks,NBA,0,1972,33,10
Ron Widby,NBA,3,1968,23,1
Murray Wier,NBA,2,1950,19,1
Andrew Wiggins,NBA,0,2015,55,4
Ken Wilburn,NBA,3,1968,25,2
Jacob Wiley,NBA,3,2018,34,1
Morlon Wiley,NBA,2,1989,33,7
Jamaal Wilkes,NBA,0,1975,22,12
Dominique Wilkins,NBA,0,1983,36,17
Eddie Lee Wilkins,NBA,0,1985,32,9
Gerald Wilkins,NBA,0,1986,26,14
Jeff Wilkins,NBA,0,1981,29,6
Dale Wilkinson,NBA,3,1985,27,1
Mike Wilks,NBA,2,2003,41,8
Aaron Williams,NBA,0,1994,19,15
Alan Williams,NBA,0,2016,35,2
Alvin Williams,NBA,2,1998,30,10
Brandon Williams,NBA,2,1998,14,6
Buck Williams,NBA,0,1982,13,17
C.J. Williams,NBA,2,2018,57,1
Deron Williams,NBA,2,2006,13,12
Derrick Williams,NBA,3,2012,46,6
Earl Williams,NBA,0,1975,30,5
Elliot Williams,NBA,2,2012,30,5
Eric Williams,NBA,3,1996,25,12
Fly Williams,NBA,0,1975,25,1
Frank Williams,NBA,2,2003,38,3
Freeman Williams,NBA,0,1979,25,8
Guy Williams,NBA,3,1985,28,2
Herb Williams,NBA,0,1982,38,18
Hot Rod Williams,NBA,0,1987,42,13
Jason Williams,NBA,2,1999,40,13
Jawad Williams,NBA,3,2009,41,3
Jayson Williams,NBA,0,1991,16,9
Jerome Williams,NBA,3,1997,11,9
Jordan Williams,NBA,3,2012,54,1
Justin Williams,NBA,3,2007,20,2
Kenny Williams,NBA,3,1991,22,4
Lorenzo Williams,NBA,0,1993,23,8
Marcus Williams,NBA,3,2008,35,2
Micheal Williams,NBA,2,1989,27,11
Mike Williams,NBA,3,1990,33,1
Monty Williams,NBA,3,1995,44,9
Nate Williams,NBA,0,1972,17,8
Ray Williams,NBA,2,1978,36,10
Reggie Williams,NBA,0,1988,40,10
Reggie Williams,NBA,3,2010,20,8
Rickey Williams,NBA,2,1983,36,1
Rob Williams,NBA,2,1983,24,2
Sam Williams,NBA,3,1982,26,4
Scott Williams,NBA,0,1991,27,15
Shammond Williams,NBA,2,1999,31,9
Shawne Williams,NBA,3,2007,15,9
Shelden Williams,NBA,3,2007,41,6
Sly Williams,NBA,0,1980,47,7
Travis Williams,NBA,3,1998,51,2
Troy Williams,NBA,3,2017,54,2
Walt Williams,NBA,0,1993,19,11
Willie Williams,NBA,3,1971,23,1
Kevin Willis,NBA,0,1985,33,23
Bill Willoughby,NBA,0,1976,14,9
Dedric Willoughby,NBA,0,2000,45,1
Bobby Wilson,NBA,2,1975,25,4
Bubba Wilson,NBA,2,1980,33,1
D.J. Wilson,NBA,3,2018,59,1
Isaiah Wilson,NBA,2,1972,23,2
Jamil Wilson,NBA,3,2018,54,1
Michael Wilson,NBA,2,1984,26,4
Ricky Wilson,NBA,2,1988,29,1
Kyle Wiltjer,NBA,3,2017,36,1
Kennard Winchester,NBA,0,1991,21,3
Lee Winfield,NBA,2,1970,30,7
David Wingate,NBA,0,1987,28,15
Dontonio Wingfield,NBA,3,1995,29,4
Harthorne Wingo,NBA,3,1973,43,4
Marv Winkler,NBA,2,1971,27,2
Justise Winslow,NBA,3,2016,37,3
Rickie Winslow,NBA,3,1988,43,1
Trevor Winter,NBA,1,1999,41,1
Brian Winters,NBA,0,1975,14,9
Jeff Withey,NBA,1,2014,27,5
Joe Wolf,NBA,0,1988,41,12
Ruben Wolkowyski,NBA,3,2001,51,3
Nate Wolters,NBA,2,2014,27,5
Al Wood,NBA,0,1982,28,6
David Wood,NBA,3,1989,14,9
Qyntel Woods,NBA,3,2003,53,4
Randy Woods,NBA,2,1993,29,4
Bob Woollard,NBA,1,1970,42,1
Orlando Woolridge,NBA,3,1982,36,13
Metta World Peace,NBA,3,2000,38,18
Antoine Wright,NBA,0,2006,45,6
Bracey Wright,NBA,2,2006,21,2
Brad Wright,NBA,3,1987,24,2
Brandan Wright,NBA,0,2008,23,11
Chris Wright,NBA,3,2012,24,3
Chris Wright,NBA,2,2013,37,1
Delon Wright,NBA,2,2016,31,3
Joby Wright,NBA,0,1973,34,4
Lorenzen Wright,NBA,0,1997,40,13
Luther Wright,NBA,1,1994,30,1
Sharone Wright,NBA,0,1995,18,4
Tony Wroten,NBA,2,2013,40,4
Guerschon Yabusele,NBA,3,2018,24,1
Barry Yates,NBA,3,1972,24,1
Charlie Yelverton,NBA,0,1972,53,1
